area_code,area_name,year,MMR1_24m,MMR1_5y,MMR2_5y
E09000002,Barking and Dagenham,2014,88.09,90.82,82.33
E09000002,Barking and Dagenham,2015,89.05,92.23,82.74
E09000002,Barking and Dagenham,2016,90.84,94.11,82.36
E09000002,Barking and Dagenham,2017,89.52,94.09,81.94
E09000002,Barking and Dagenham,2018,85.13,94.53,78.64
E09000002,Barking and Dagenham,2019,80.58,92.07,73.3
E09000002,Barking and Dagenham,2020,82.64,91.05,73.13
E09000002,Barking and Dagenham,2021,78.73,89.56,69.76
E09000002,Barking and Dagenham,2022,75.47,86.44,67.75
E09000002,Barking and Dagenham,2023,79.04,85.58,69.45
E09000002,Barking and Dagenham,2024,79.5,82.09,68.54
E09000002,Barking and Dagenham,2025,79.5,82.6,69.1
E09000003,Barnet,2014,80.66,90.72,75.1
E09000003,Barnet,2015,79.91,90.1,73.66
E09000003,Barnet,2016,81.77,88.23,72.05
E09000003,Barnet,2017,85.92,90.99,79.6
E09000003,Barnet,2018,83.81,90.81,76.04
E09000003,Barnet,2019,81.87,89.09,75.22
E09000003,Barnet,2020,83.38,88.78,75.0
E09000003,Barnet,2021,82.5,89.78,75.16
E09000003,Barnet,2022,80.2,87.7,71.45
E09000003,Barnet,2023,80.63,86.29,70.56
E09000003,Barnet,2024,81.73,85.34,72.9
E09000003,Barnet,2025,81.4,83.8,71.5
E08000016,Barnsley,2014,96.21,97.33,95.08
E08000016,Barnsley,2015,96.12,97.74,95.14
E08000016,Barnsley,2016,95.73,98.41,95.23
E08000016,Barnsley,2017,96.46,98.57,95.29
E08000016,Barnsley,2018,96.46,98.07,95.32
E08000016,Barnsley,2019,95.91,97.67,94.86
E08000016,Barnsley,2020,95.43,98.02,95.22
E08000016,Barnsley,2021,94.76,97.46,94.02
E08000016,Barnsley,2022,94.79,96.69,93.51
E08000016,Barnsley,2023,94.07,96.4,92.23
E08000016,Barnsley,2024,94.4,95.86,91.73
E08000016,Barnsley,2025,95.2,96.5,93.4
E06000022,Bath and North East Somerset,2014,94.14,95.92,91.64
E06000022,Bath and North East Somerset,2015,94.07,95.25,90.46
E06000022,Bath and North East Somerset,2016,86.91,96.88,96.08
E06000022,Bath and North East Somerset,2017,95.28,95.7,90.73
E06000022,Bath and North East Somerset,2018,93.58,96.06,91.38
E06000022,Bath and North East Somerset,2019,94.62,97.3,93.07
E06000022,Bath and North East Somerset,2020,95.12,97.19,93.02
E06000022,Bath and North East Somerset,2021,95.06,96.5,92.81
E06000022,Bath and North East Somerset,2022,95.03,96.15,92.49
E06000022,Bath and North East Somerset,2023,93.99,96.26,93.25
E06000022,Bath and North East Somerset,2024,95.09,96.15,92.34
E06000022,Bath and North East Somerset,2025,93.6,95.9,91.1
E06000055,Bedford,2014,95.78,95.4,93.08
E06000055,Bedford,2015,94.07,92.9,90.95
E06000055,Bedford,2016,92.6,93.28,90.3
E06000055,Bedford,2017,94.86,96.41,89.3
E06000055,Bedford,2018,93.11,96.22,90.03
E06000055,Bedford,2019,93.22,96.08,90.02
E06000055,Bedford,2020,92.66,95.95,90.14
E06000055,Bedford,2021,92.24,95.59,90.53
E06000055,Bedford,2022,91.36,94.17,89.54
E06000055,Bedford,2023,91.74,93.94,90.4
E06000055,Bedford,2024,91.2,93.34,87.49
E06000055,Bedford,2025,89.6,92.6,87.4
E09000004,Bexley,2014,90.69,93.81,88.81
E09000004,Bexley,2015,90.33,94.58,87.32
E09000004,Bexley,2016,88.07,94.21,86.21
E09000004,Bexley,2017,89.35,93.36,83.17
E09000004,Bexley,2018,90.2,94.03,85.24
E09000004,Bexley,2019,89.3,92.96,82.7
E09000004,Bexley,2020,85.41,93.04,83.59
E09000004,Bexley,2021,85.71,91.94,81.35
E09000004,Bexley,2022,79.07,92.85,83.07
E09000004,Bexley,2023,88.38,91.06,82.59
E09000004,Bexley,2024,86.55,89.8,82.92
E09000004,Bexley,2025,85.7,89.8,73.5
E08000025,Birmingham,2014,88.27,94.13,84.26
E08000025,Birmingham,2015,89.05,94.01,85.0
E08000025,Birmingham,2016,87.56,92.99,81.43
E08000025,Birmingham,2017,87.96,94.86,82.88
E08000025,Birmingham,2018,87.6,93.74,81.64
E08000025,Birmingham,2019,86.78,92.82,82.31
E08000025,Birmingham,2020,85.73,92.59,81.36
E08000025,Birmingham,2021,83.66,90.99,77.95
E08000025,Birmingham,2022,82.47,89.43,76.75
E08000025,Birmingham,2023,82.06,88.08,75.06
E08000025,Birmingham,2024,79.76,87.02,74.77
E08000025,Birmingham,2025,80.1,86.7,75.5
E06000008,Blackburn with Darwen,2014,94.21,96.7,89.34
E06000008,Blackburn with Darwen,2015,93.56,96.91,89.59
E06000008,Blackburn with Darwen,2016,90.98,93.43,86.2
E06000008,Blackburn with Darwen,2017,92.4,94.15,86.69
E06000008,Blackburn with Darwen,2018,93.6,93.64,87.84
E06000008,Blackburn with Darwen,2019,91.38,93.19,89.07
E06000008,Blackburn with Darwen,2020,92.39,94.94,90.88
E06000008,Blackburn with Darwen,2021,91.62,96.36,88.79
E06000008,Blackburn with Darwen,2022,91.2,96.03,89.18
E06000008,Blackburn with Darwen,2023,89.85,94.83,88.21
E06000008,Blackburn with Darwen,2024,86.47,93.75,85.68
E06000008,Blackburn with Darwen,2025,88.3,93.4,83.7
E06000009,Blackpool,2014,91.51,94.24,85.07
E06000009,Blackpool,2015,91.85,95.91,87.74
E06000009,Blackpool,2016,90.64,94.76,85.22
E06000009,Blackpool,2017,89.82,94.26,85.52
E06000009,Blackpool,2018,92.38,95.23,87.98
E06000009,Blackpool,2019,92.54,93.77,87.6
E06000009,Blackpool,2020,92.04,94.24,88.16
E06000009,Blackpool,2021,92.09,95.88,89.21
E06000009,Blackpool,2022,92.47,96.08,89.93
E06000009,Blackpool,2023,90.45,94.12,87.39
E06000009,Blackpool,2024,90.44,93.55,86.24
E06000009,Blackpool,2025,91.7,95.1,87.4
E08000001,Bolton,2014,96.39,96.17,91.8
E08000001,Bolton,2015,95.74,96.06,91.06
E08000001,Bolton,2016,95.36,95.44,90.71
E08000001,Bolton,2017,96.64,96.74,94.02
E08000001,Bolton,2018,95.77,97.03,91.26
E08000001,Bolton,2019,93.93,96.18,90.4
E08000001,Bolton,2020,92.84,95.92,88.81
E08000001,Bolton,2021,93.74,96.01,90.3
E08000001,Bolton,2022,92.04,95.85,89.92
E08000001,Bolton,2023,91.63,94.47,87.56
E08000001,Bolton,2024,90.6,93.19,85.56
E08000001,Bolton,2025,90.3,93.7,87.8
E06000058,"Bournemouth, Christchurch and Poole",2014,92.08,93.95,88.77
E06000058,"Bournemouth, Christchurch and Poole",2015,93.19,92.93,89.14
E06000058,"Bournemouth, Christchurch and Poole",2016,90.95,93.44,82.13
E06000058,"Bournemouth, Christchurch and Poole",2017,92.58,96.01,88.24
E06000058,"Bournemouth, Christchurch and Poole",2018,92.33,96.31,90.55
E06000058,"Bournemouth, Christchurch and Poole",2019,90.8,95.8,89.73
E06000058,"Bournemouth, Christchurch and Poole",2020,93.26,96.07,91.18
E06000058,"Bournemouth, Christchurch and Poole",2021,92.54,95.9,91.93
E06000058,"Bournemouth, Christchurch and Poole",2022,91.21,94.5,89.66
E06000058,"Bournemouth, Christchurch and Poole",2023,92.01,93.31,88.24
E06000058,"Bournemouth, Christchurch and Poole",2024,90.34,93.19,86.69
E06000058,"Bournemouth, Christchurch and Poole",2025,90.6,93.3,88.0
E06000036,Bracknell Forest,2014,90.96,91.98,82.24
E06000036,Bracknell Forest,2015,91.82,93.56,86.26
E06000036,Bracknell Forest,2016,92.48,94.03,88.67
E06000036,Bracknell Forest,2017,90.56,93.56,90.71
E06000036,Bracknell Forest,2018,93.28,97.18,88.74
E06000036,Bracknell Forest,2019,92.53,96.19,87.98
E06000036,Bracknell Forest,2020,95.48,96.25,91.06
E06000036,Bracknell Forest,2021,94.9,97.28,93.81
E06000036,Bracknell Forest,2022,95.06,95.91,91.18
E06000036,Bracknell Forest,2023,93.02,94.83,89.53
E06000036,Bracknell Forest,2024,92.0,95.61,91.48
E06000036,Bracknell Forest,2025,92.0,95.6,90.6
E08000032,Bradford,2014,94.55,97.16,93.18
E08000032,Bradford,2015,94.14,96.69,92.7
E08000032,Bradford,2016,94.25,97.16,92.12
E08000032,Bradford,2017,93.14,96.46,91.19
E08000032,Bradford,2018,92.03,94.09,93.07
E08000032,Bradford,2019,92.22,96.77,91.78
E08000032,Bradford,2020,89.87,95.0,89.62
E08000032,Bradford,2021,89.39,95.38,89.18
E08000032,Bradford,2022,85.76,93.89,86.61
E08000032,Bradford,2023,85.25,92.04,83.61
E08000032,Bradford,2024,85.63,91.43,80.51
E08000032,Bradford,2025,85.2,91.0,81.5
E09000005,Brent,2014,89.4,92.92,84.37
E09000005,Brent,2015,88.56,92.69,84.58
E09000005,Brent,2016,89.27,92.4,84.51
E09000005,Brent,2017,87.29,92.04,83.14
E09000005,Brent,2018,84.62,91.17,82.7
E09000005,Brent,2019,82.75,90.05,79.85
E09000005,Brent,2020,79.93,89.11,79.7
E09000005,Brent,2021,81.72,86.38,76.73
E09000005,Brent,2022,81.61,87.05,76.17
E09000005,Brent,2023,83.3,87.29,77.56
E09000005,Brent,2024,81.61,84.8,75.01
E09000005,Brent,2025,77.7,83.6,64.6
E06000043,Brighton and Hove,2014,93.36,93.5,87.9
E06000043,Brighton and Hove,2015,89.98,92.51,87.05
E06000043,Brighton and Hove,2016,90.09,93.63,82.73
E06000043,Brighton and Hove,2017,88.6,92.46,82.41
E06000043,Brighton and Hove,2018,90.31,91.85,84.68
E06000043,Brighton and Hove,2019,88.06,91.02,83.57
E06000043,Brighton and Hove,2020,90.74,91.86,84.46
E06000043,Brighton and Hove,2021,89.75,92.48,85.86
E06000043,Brighton and Hove,2022,90.01,91.38,83.4
E06000043,Brighton and Hove,2023,90.57,92.29,84.39
E06000043,Brighton and Hove,2024,89.32,90.5,82.97
E06000043,Brighton and Hove,2025,90.0,91.0,84.3
E06000023,"Bristol, City of",2014,92.33,94.27,86.97
E06000023,"Bristol, City of",2015,91.36,95.23,88.57
E06000023,"Bristol, City of",2016,90.62,95.55,88.19
E06000023,"Bristol, City of",2017,89.22,95.51,86.49
E06000023,"Bristol, City of",2018,89.05,95.76,86.25
E06000023,"Bristol, City of",2019,89.18,94.12,85.98
E06000023,"Bristol, City of",2020,88.19,94.73,87.31
E06000023,"Bristol, City of",2021,88.55,93.86,85.41
E06000023,"Bristol, City of",2022,88.7,92.69,84.04
E06000023,"Bristol, City of",2023,88.58,91.81,84.32
E06000023,"Bristol, City of",2024,88.49,90.17,83.01
E06000023,"Bristol, City of",2025,87.9,92.0,85.3
E09000006,Bromley,2014,91.16,94.3,88.42
E09000006,Bromley,2015,90.71,95.2,88.4
E09000006,Bromley,2016,90.8,94.64,84.08
E09000006,Bromley,2017,85.85,93.87,79.37
E09000006,Bromley,2018,90.85,94.17,87.55
E09000006,Bromley,2019,90.92,93.68,89.82
E09000006,Bromley,2020,90.72,93.06,89.43
E09000006,Bromley,2021,90.51,92.93,89.15
E09000006,Bromley,2022,87.61,93.02,87.57
E09000006,Bromley,2023,91.05,92.45,87.03
E09000006,Bromley,2024,89.99,91.34,86.1
E09000006,Bromley,2025,88.2,90.5,77.7
E06000060,Buckinghamshire,2014,95.74,95.44,92.73
E06000060,Buckinghamshire,2015,95.6,95.86,93.18
E06000060,Buckinghamshire,2016,95.9,96.48,93.64
E06000060,Buckinghamshire,2017,94.53,96.6,94.02
E06000060,Buckinghamshire,2018,93.31,96.61,91.65
E06000060,Buckinghamshire,2019,93.26,97.0,90.69
E06000060,Buckinghamshire,2020,93.11,96.52,91.38
E06000060,Buckinghamshire,2021,94.11,96.14,91.58
E06000060,Buckinghamshire,2022,92.63,95.82,91.84
E06000060,Buckinghamshire,2023,92.38,95.06,90.29
E06000060,Buckinghamshire,2024,92.05,95.03,89.28
E06000060,Buckinghamshire,2025,91.7,94.8,89.7
E08000002,Bury,2014,95.05,95.57,92.36
E08000002,Bury,2015,94.35,97.04,93.79
E08000002,Bury,2016,93.3,97.07,92.67
E08000002,Bury,2017,90.42,95.48,89.57
E08000002,Bury,2018,92.02,96.51,88.33
E08000002,Bury,2019,91.53,95.99,89.21
E08000002,Bury,2020,94.44,95.23,88.61
E08000002,Bury,2021,91.18,95.98,88.99
E08000002,Bury,2022,90.98,94.83,87.31
E08000002,Bury,2023,89.09,93.71,83.33
E08000002,Bury,2024,85.71,93.23,81.49
E08000002,Bury,2025,88.9,93.8,86.6
E08000033,Calderdale,2014,93.58,95.47,93.77
E08000033,Calderdale,2015,95.22,96.17,92.12
E08000033,Calderdale,2016,95.11,96.32,92.96
E08000033,Calderdale,2017,93.74,96.37,90.97
E08000033,Calderdale,2018,94.62,97.53,93.08
E08000033,Calderdale,2019,92.43,96.62,90.65
E08000033,Calderdale,2020,92.0,96.81,90.23
E08000033,Calderdale,2021,91.49,96.26,90.7
E08000033,Calderdale,2022,89.58,95.16,88.62
E08000033,Calderdale,2023,88.59,93.85,85.92
E08000033,Calderdale,2024,90.33,93.96,86.38
E08000033,Calderdale,2025,89.9,93.6,86.1
E10000003,Cambridgeshire,2014,89.87,92.0,85.94
E10000003,Cambridgeshire,2015,90.97,91.25,85.36
E10000003,Cambridgeshire,2016,90.64,93.15,83.98
E10000003,Cambridgeshire,2017,92.34,93.65,85.12
E10000003,Cambridgeshire,2018,93.35,95.37,88.73
E10000003,Cambridgeshire,2019,91.99,95.22,86.65
E10000003,Cambridgeshire,2020,93.23,95.73,89.7
E10000003,Cambridgeshire,2021,94.38,96.07,91.52
E10000003,Cambridgeshire,2022,93.25,95.58,90.84
E10000003,Cambridgeshire,2023,91.75,94.55,89.26
E10000003,Cambridgeshire,2024,92.52,94.91,89.21
E10000003,Cambridgeshire,2025,93.8,95.6,90.9
E09000007,Camden,2014,87.28,89.13,89.13
E09000007,Camden,2015,85.55,90.61,79.86
E09000007,Camden,2016,85.62,92.05,87.72
E09000007,Camden,2017,80.07,92.43,73.54
E09000007,Camden,2018,80.17,90.96,71.47
E09000007,Camden,2019,78.66,89.77,68.42
E09000007,Camden,2020,79.69,86.28,66.44
E09000007,Camden,2021,75.43,83.35,59.79
E09000007,Camden,2022,71.57,83.62,62.59
E09000007,Camden,2023,75.04,82.74,63.55
E09000007,Camden,2024,78.11,82.13,65.71
E09000007,Camden,2025,80.6,81.3,64.6
E06000056,Central Bedfordshire,2014,95.77,95.4,93.12
E06000056,Central Bedfordshire,2015,94.4,96.52,92.41
E06000056,Central Bedfordshire,2016,94.06,95.73,91.13
E06000056,Central Bedfordshire,2017,94.63,97.48,90.72
E06000056,Central Bedfordshire,2018,94.46,96.81,90.85
E06000056,Central Bedfordshire,2019,94.5,96.89,90.72
E06000056,Central Bedfordshire,2020,94.05,96.73,92.07
E06000056,Central Bedfordshire,2021,94.04,96.51,92.18
E06000056,Central Bedfordshire,2022,92.63,96.25,91.25
E06000056,Central Bedfordshire,2023,92.8,95.1,90.84
E06000056,Central Bedfordshire,2024,91.63,94.83,89.86
E06000056,Central Bedfordshire,2025,92.4,93.9,87.9
E06000049,Cheshire East,2014,95.09,95.51,90.13
E06000049,Cheshire East,2015,95.1,96.07,90.26
E06000049,Cheshire East,2016,94.47,96.55,91.18
E06000049,Cheshire East,2017,95.55,97.88,92.27
E06000049,Cheshire East,2018,95.42,96.39,92.6
E06000049,Cheshire East,2019,94.37,95.36,91.89
E06000049,Cheshire East,2020,92.81,94.7,88.44
E06000049,Cheshire East,2021,93.95,96.0,90.98
E06000049,Cheshire East,2022,93.1,95.23,90.23
E06000049,Cheshire East,2023,92.68,94.66,89.88
E06000049,Cheshire East,2024,92.93,95.19,90.57
E06000049,Cheshire East,2025,93.2,95.2,91.1
E06000050,Cheshire West and Chester,2014,95.37,94.46,90.71
E06000050,Cheshire West and Chester,2015,96.24,94.36,90.97
E06000050,Cheshire West and Chester,2016,95.2,95.43,91.33
E06000050,Cheshire West and Chester,2017,95.21,96.05,94.33
E06000050,Cheshire West and Chester,2018,94.03,94.69,91.09
E06000050,Cheshire West and Chester,2019,92.55,92.33,88.73
E06000050,Cheshire West and Chester,2020,89.76,94.27,83.03
E06000050,Cheshire West and Chester,2021,93.51,96.13,89.21
E06000050,Cheshire West and Chester,2022,92.57,96.42,91.51
E06000050,Cheshire West and Chester,2023,93.79,94.57,89.87
E06000050,Cheshire West and Chester,2024,93.49,95.27,89.92
E06000050,Cheshire West and Chester,2025,93.3,95.3,90.5
E06000052,Cornwall,2014,94.89,95.7,91.51
E06000052,Cornwall,2015,91.67,95.77,91.02
E06000052,Cornwall,2016,92.51,96.24,91.62
E06000052,Cornwall,2017,92.97,96.12,90.91
E06000052,Cornwall,2018,91.36,95.9,91.14
E06000052,Cornwall,2019,91.47,95.06,89.01
E06000052,Cornwall,2020,91.6,96.13,91.17
E06000052,Cornwall,2021,92.07,95.54,90.18
E06000052,Cornwall,2022,91.25,95.55,89.92
E06000052,Cornwall,2023,91.33,94.6,89.0
E06000052,Cornwall,2024,91.49,94.57,87.89
E06000052,Cornwall,2025,91.3,93.3,86.3
E06000047,County Durham,2014,97.21,97.08,94.6
E06000047,County Durham,2015,97.15,97.68,95.9
E06000047,County Durham,2016,97.14,98.45,97.47
E06000047,County Durham,2017,97.04,98.3,95.84
E06000047,County Durham,2018,96.91,98.06,95.52
E06000047,County Durham,2019,97.14,98.06,96.41
E06000047,County Durham,2020,96.82,98.07,96.1
E06000047,County Durham,2021,96.86,98.11,96.35
E06000047,County Durham,2022,96.51,97.7,95.55
E06000047,County Durham,2023,96.28,97.05,94.04
E06000047,County Durham,2024,95.7,97.03,94.18
E06000047,County Durham,2025,95.4,97.0,94.2
E08000026,Coventry,2014,95.81,97.07,93.35
E08000026,Coventry,2015,96.85,97.11,94.88
E08000026,Coventry,2016,96.37,98.38,92.61
E08000026,Coventry,2017,95.67,97.27,91.68
E08000026,Coventry,2018,87.61,94.04,83.29
E08000026,Coventry,2019,86.65,94.23,81.55
E08000026,Coventry,2020,88.48,92.73,77.92
E08000026,Coventry,2021,91.02,92.72,82.08
E08000026,Coventry,2022,88.52,92.85,84.63
E08000026,Coventry,2023,86.75,91.43,81.65
E08000026,Coventry,2024,86.52,90.12,79.81
E08000026,Coventry,2025,84.6,89.8,78.9
E09000008,Croydon,2014,88.93,90.86,76.93
E09000008,Croydon,2015,86.05,89.64,69.71
E09000008,Croydon,2016,84.76,90.15,75.31
E09000008,Croydon,2017,81.55,89.47,73.08
E09000008,Croydon,2018,80.34,85.62,66.96
E09000008,Croydon,2019,81.04,87.37,67.68
E09000008,Croydon,2020,82.09,88.11,70.86
E09000008,Croydon,2021,80.64,87.21,70.69
E09000008,Croydon,2022,79.84,86.81,72.14
E09000008,Croydon,2023,79.08,84.45,70.26
E09000008,Croydon,2024,78.79,81.85,68.08
E09000008,Croydon,2025,80.5,83.4,70.3
E06000063,Cumberland,2014,96.73,96.72,93.71
E06000063,Cumberland,2015,96.01,96.19,93.31
E06000063,Cumberland,2016,95.95,96.74,92.89
E06000063,Cumberland,2017,96.73,97.62,93.55
E06000063,Cumberland,2018,96.74,97.44,94.97
E06000063,Cumberland,2019,96.78,98.22,95.7
E06000063,Cumberland,2020,96.54,97.59,94.47
E06000063,Cumberland,2021,96.69,97.79,95.28
E06000063,Cumberland,2022,96.09,97.03,94.05
E06000063,Cumberland,2023,96.07,96.52,93.47
E06000063,Cumberland,2024,95.79,97.16,94.77
E06000063,Cumberland,2025,95.9,97.2,94.3
E06000005,Darlington,2014,93.45,95.67,91.34
E06000005,Darlington,2015,94.45,94.98,92.9
E06000005,Darlington,2016,93.86,97.37,95.36
E06000005,Darlington,2017,95.25,96.82,92.1
E06000005,Darlington,2018,93.0,96.33,92.5
E06000005,Darlington,2019,93.55,96.18,90.62
E06000005,Darlington,2020,94.3,95.96,92.57
E06000005,Darlington,2021,93.95,95.36,91.76
E06000005,Darlington,2022,93.12,94.94,90.33
E06000005,Darlington,2023,92.97,95.06,90.78
E06000005,Darlington,2024,91.91,93.13,87.86
E06000005,Darlington,2025,93.0,94.3,88.9
E06000015,Derby,2014,94.18,96.04,88.93
E06000015,Derby,2015,93.01,96.43,89.93
E06000015,Derby,2016,91.39,97.27,87.84
E06000015,Derby,2017,91.21,95.97,85.24
E06000015,Derby,2018,88.25,95.26,83.82
E06000015,Derby,2019,88.88,94.81,84.62
E06000015,Derby,2020,89.96,94.21,83.79
E06000015,Derby,2021,89.18,93.85,81.71
E06000015,Derby,2022,88.61,93.16,80.9
E06000015,Derby,2023,89.33,91.4,79.64
E06000015,Derby,2024,89.6,90.5,81.9
E06000015,Derby,2025,89.0,90.2,80.2
E10000007,Derbyshire,2014,95.5,96.96,93.7
E10000007,Derbyshire,2015,95.3,97.18,94.94
E10000007,Derbyshire,2016,95.65,96.7,91.03
E10000007,Derbyshire,2017,95.99,98.69,93.15
E10000007,Derbyshire,2018,95.88,98.04,92.93
E10000007,Derbyshire,2019,94.89,97.48,92.15
E10000007,Derbyshire,2020,94.83,97.57,91.72
E10000007,Derbyshire,2021,95.2,97.72,92.99
E10000007,Derbyshire,2022,95.74,97.33,93.39
E10000007,Derbyshire,2023,95.65,97.38,93.08
E10000007,Derbyshire,2024,95.41,97.07,92.22
E10000007,Derbyshire,2025,95.5,96.9,92.0
E10000008,Devon,2014,94.05,94.96,89.94
E10000008,Devon,2015,93.65,95.24,90.62
E10000008,Devon,2016,92.49,95.53,91.48
E10000008,Devon,2017,93.43,95.73,91.29
E10000008,Devon,2018,92.74,95.22,90.33
E10000008,Devon,2019,93.55,95.58,91.61
E10000008,Devon,2020,94.64,96.57,93.18
E10000008,Devon,2021,94.38,96.08,92.41
E10000008,Devon,2022,94.68,96.2,92.94
E10000008,Devon,2023,94.35,95.73,92.28
E10000008,Devon,2024,94.12,95.03,90.52
E10000008,Devon,2025,94.0,95.6,91.2
E08000017,Doncaster,2014,93.06,94.1,88.23
E08000017,Doncaster,2015,93.0,94.47,88.99
E08000017,Doncaster,2016,90.78,95.98,86.51
E08000017,Doncaster,2017,92.36,96.13,86.74
E08000017,Doncaster,2018,91.38,96.23,86.97
E08000017,Doncaster,2019,89.91,95.3,85.83
E08000017,Doncaster,2020,89.55,95.45,84.74
E08000017,Doncaster,2021,90.12,94.73,86.25
E08000017,Doncaster,2022,90.96,93.43,85.38
E08000017,Doncaster,2023,89.93,92.11,84.17
E08000017,Doncaster,2024,89.81,92.31,82.08
E08000017,Doncaster,2025,90.4,92.0,82.7
E06000059,Dorset,2014,95.57,95.22,92.17
E06000059,Dorset,2015,95.16,96.8,94.31
E06000059,Dorset,2016,93.86,96.61,90.79
E06000059,Dorset,2017,95.56,97.2,93.09
E06000059,Dorset,2018,95.21,97.35,93.7
E06000059,Dorset,2019,94.5,97.42,94.32
E06000059,Dorset,2020,95.33,97.46,94.38
E06000059,Dorset,2021,95.09,97.24,94.88
E06000059,Dorset,2022,94.97,96.69,93.39
E06000059,Dorset,2023,93.9,96.14,92.31
E06000059,Dorset,2024,93.56,95.9,92.07
E06000059,Dorset,2025,94.1,96.7,92.5
E08000027,Dudley,2014,96.71,97.4,92.79
E08000027,Dudley,2015,97.03,97.84,93.57
E08000027,Dudley,2016,95.73,94.43,89.36
E08000027,Dudley,2017,96.12,98.07,94.8
E08000027,Dudley,2018,95.81,97.87,92.99
E08000027,Dudley,2019,94.3,97.38,93.31
E08000027,Dudley,2020,93.93,96.92,92.18
E08000027,Dudley,2021,94.32,97.16,92.28
E08000027,Dudley,2022,92.76,95.59,90.43
E08000027,Dudley,2023,92.36,94.99,89.27
E08000027,Dudley,2024,91.51,94.42,87.9
E08000027,Dudley,2025,92.7,94.2,88.5
E09000009,Ealing,2014,89.28,94.23,83.72
E09000009,Ealing,2015,84.92,92.12,80.12
E09000009,Ealing,2016,83.61,92.38,79.28
E09000009,Ealing,2017,84.1,93.14,79.82
E09000009,Ealing,2018,85.31,92.62,78.67
E09000009,Ealing,2019,83.56,90.79,75.1
E09000009,Ealing,2020,83.85,89.88,75.01
E09000009,Ealing,2021,85.91,89.43,74.86
E09000009,Ealing,2022,86.04,89.68,80.85
E09000009,Ealing,2023,85.84,89.14,81.01
E09000009,Ealing,2024,85.96,87.13,79.42
E09000009,Ealing,2025,83.4,85.8,71.9
E06000011,East Riding of Yorkshire,2014,96.29,96.15,93.18
E06000011,East Riding of Yorkshire,2015,95.13,96.29,93.81
E06000011,East Riding of Yorkshire,2016,94.5,97.4,96.99
E06000011,East Riding of Yorkshire,2017,95.47,97.34,92.2
E06000011,East Riding of Yorkshire,2018,93.74,93.29,89.96
E06000011,East Riding of Yorkshire,2019,94.11,94.05,91.49
E06000011,East Riding of Yorkshire,2020,95.88,96.79,93.05
E06000011,East Riding of Yorkshire,2021,96.36,97.03,93.18
E06000011,East Riding of Yorkshire,2022,96.3,96.91,95.21
E06000011,East Riding of Yorkshire,2023,95.24,96.8,94.42
E06000011,East Riding of Yorkshire,2024,95.3,97.14,94.48
E06000011,East Riding of Yorkshire,2025,95.1,96.7,93.7
E10000011,East Sussex,2014,91.73,93.33,89.52
E10000011,East Sussex,2015,91.23,93.18,88.89
E10000011,East Sussex,2016,92.17,93.86,87.58
E10000011,East Sussex,2017,92.37,94.21,88.71
E10000011,East Sussex,2018,91.94,94.49,89.69
E10000011,East Sussex,2019,92.47,94.91,90.38
E10000011,East Sussex,2020,92.41,94.45,90.68
E10000011,East Sussex,2021,92.24,94.58,90.77
E10000011,East Sussex,2022,91.71,93.68,89.23
E10000011,East Sussex,2023,90.74,92.1,86.85
E10000011,East Sussex,2024,90.19,92.37,86.56
E10000011,East Sussex,2025,90.0,91.9,85.9
E09000010,Enfield,2014,78.33,86.98,71.95
E09000010,Enfield,2015,88.59,90.61,85.52
E09000010,Enfield,2016,86.88,91.99,91.99
E09000010,Enfield,2017,86.52,91.29,83.96
E09000010,Enfield,2018,80.62,91.63,75.18
E09000010,Enfield,2019,78.91,90.09,73.74
E09000010,Enfield,2020,79.23,89.08,72.35
E09000010,Enfield,2021,77.25,87.14,68.95
E09000010,Enfield,2022,72.94,84.52,66.51
E09000010,Enfield,2023,75.29,82.59,64.82
E09000010,Enfield,2024,74.99,81.2,65.81
E09000010,Enfield,2025,73.0,79.3,64.3
E10000012,Essex,2014,93.85,94.28,90.46
E10000012,Essex,2015,94.56,95.41,92.36
E10000012,Essex,2016,93.5,95.88,91.6
E10000012,Essex,2017,94.06,96.64,90.04
E10000012,Essex,2018,92.23,96.48,89.45
E10000012,Essex,2019,91.84,96.02,88.86
E10000012,Essex,2020,92.63,96.38,90.61
E10000012,Essex,2021,93.03,96.08,90.91
E10000012,Essex,2022,91.76,95.13,89.64
E10000012,Essex,2023,91.11,94.22,88.29
E10000012,Essex,2024,91.51,94.82,88.4
E10000012,Essex,2025,90.8,94.4,88.1
E08000037,Gateshead,2014,94.55,97.69,91.46
E08000037,Gateshead,2015,92.34,96.45,89.32
E08000037,Gateshead,2016,92.42,96.91,86.29
E08000037,Gateshead,2017,93.03,96.35,89.04
E08000037,Gateshead,2018,93.6,95.38,88.65
E08000037,Gateshead,2019,93.39,93.84,88.57
E08000037,Gateshead,2020,94.23,95.64,88.39
E08000037,Gateshead,2021,93.46,96.63,91.27
E08000037,Gateshead,2022,94.11,95.35,89.84
E08000037,Gateshead,2023,93.74,94.92,88.48
E08000037,Gateshead,2024,94.37,94.99,86.78
E08000037,Gateshead,2025,93.8,96.1,88.4
E10000013,Gloucestershire,2014,93.94,94.32,89.26
E10000013,Gloucestershire,2015,92.76,93.46,89.66
E10000013,Gloucestershire,2016,90.21,94.87,87.41
E10000013,Gloucestershire,2017,91.08,95.0,87.01
E10000013,Gloucestershire,2018,93.66,95.61,90.05
E10000013,Gloucestershire,2019,93.22,96.2,90.96
E10000013,Gloucestershire,2020,93.29,96.35,91.5
E10000013,Gloucestershire,2021,93.86,96.25,91.57
E10000013,Gloucestershire,2022,93.34,95.45,91.1
E10000013,Gloucestershire,2023,92.59,94.22,89.34
E10000013,Gloucestershire,2024,92.79,95.04,90.3
E10000013,Gloucestershire,2025,93.0,95.1,90.8
E09000011,Greenwich,2014,86.13,91.6,88.2
E09000011,Greenwich,2015,89.81,92.03,87.66
E09000011,Greenwich,2016,86.19,92.57,88.62
E09000011,Greenwich,2017,84.78,89.63,85.26
E09000011,Greenwich,2018,87.68,92.99,84.42
E09000011,Greenwich,2019,86.94,90.9,83.57
E09000011,Greenwich,2020,88.02,90.17,84.1
E09000011,Greenwich,2021,85.75,90.66,83.96
E09000011,Greenwich,2022,81.37,89.3,80.64
E09000011,Greenwich,2023,86.58,89.67,83.35
E09000011,Greenwich,2024,86.44,87.21,79.19
E09000011,Greenwich,2025,83.7,85.2,66.2
E09000012,Hackney,2014,88.42,92.15,83.17
E09000012,Hackney,2015,88.22,93.69,89.4
E09000012,Hackney,2016,84.08,91.45,82.17
E09000012,Hackney,2017,78.27,90.43,75.17
E09000012,Hackney,2018,74.97,91.84,69.75
E09000012,Hackney,2019,74.27,89.22,65.73
E09000012,Hackney,2020,77.07,89.04,68.73
E09000012,Hackney,2021,70.71,87.51,63.7
E09000012,Hackney,2022,65.42,83.52,58.93
E09000012,Hackney,2023,68.13,81.15,56.3
E09000012,Hackney,2024,67.66,78.16,60.76
E09000012,Hackney,2025,65.3,76.1,58.3
E06000006,Halton,2014,96.32,97.41,93.1
E06000006,Halton,2015,95.31,96.35,91.25
E06000006,Halton,2016,91.83,96.27,89.63
E06000006,Halton,2017,95.52,96.6,89.54
E06000006,Halton,2018,93.24,96.72,90.64
E06000006,Halton,2019,91.75,95.52,86.19
E06000006,Halton,2020,91.41,96.69,88.0
E06000006,Halton,2021,89.71,94.89,86.01
E06000006,Halton,2022,91.02,95.21,89.44
E06000006,Halton,2023,90.37,94.49,88.99
E06000006,Halton,2024,91.68,93.71,86.7
E06000006,Halton,2025,89.4,94.3,88.2
E09000013,Hammersmith and Fulham,2014,82.68,84.6,73.38
E09000013,Hammersmith and Fulham,2015,80.82,84.55,70.79
E09000013,Hammersmith and Fulham,2016,75.77,80.85,64.4
E09000013,Hammersmith and Fulham,2017,78.88,84.88,67.57
E09000013,Hammersmith and Fulham,2018,82.09,90.05,75.75
E09000013,Hammersmith and Fulham,2019,79.89,88.32,70.89
E09000013,Hammersmith and Fulham,2020,80.84,87.87,69.63
E09000013,Hammersmith and Fulham,2021,81.05,88.17,72.33
E09000013,Hammersmith and Fulham,2022,79.53,87.67,72.76
E09000013,Hammersmith and Fulham,2023,81.3,85.3,70.33
E09000013,Hammersmith and Fulham,2024,76.37,83.33,67.62
E09000013,Hammersmith and Fulham,2025,74.9,80.1,59.2
E10000014,Hampshire,2014,94.57,94.16,90.69
E10000014,Hampshire,2015,94.9,95.43,93.08
E10000014,Hampshire,2016,94.25,93.97,89.57
E10000014,Hampshire,2017,92.54,92.95,87.75
E10000014,Hampshire,2018,92.34,91.86,87.87
E10000014,Hampshire,2019,93.2,93.34,89.79
E10000014,Hampshire,2020,93.95,92.6,91.15
E10000014,Hampshire,2021,94.89,95.6,92.45
E10000014,Hampshire,2022,94.38,95.06,91.33
E10000014,Hampshire,2023,93.26,95.45,90.97
E10000014,Hampshire,2024,95.03,96.1,91.13
E10000014,Hampshire,2025,94.5,96.4,91.8
E09000014,Haringey,2014,89.83,91.52,86.0
E09000014,Haringey,2015,87.49,91.28,84.24
E09000014,Haringey,2016,86.5,92.16,83.28
E09000014,Haringey,2017,85.35,91.06,82.66
E09000014,Haringey,2018,82.15,86.59,70.17
E09000014,Haringey,2019,77.78,88.7,71.23
E09000014,Haringey,2020,80.91,86.88,70.3
E09000014,Haringey,2021,78.4,85.25,67.75
E09000014,Haringey,2022,74.78,82.95,64.7
E09000014,Haringey,2023,76.73,81.15,65.94
E09000014,Haringey,2024,77.78,80.31,64.5
E09000014,Haringey,2025,77.5,78.3,65.0
E09000015,Harrow,2014,92.09,96.18,88.65
E09000015,Harrow,2015,91.28,92.58,85.84
E09000015,Harrow,2016,89.95,93.41,85.87
E09000015,Harrow,2017,87.99,92.52,85.41
E09000015,Harrow,2018,85.8,92.37,82.56
E09000015,Harrow,2019,85.16,91.59,82.24
E09000015,Harrow,2020,83.4,90.14,79.97
E09000015,Harrow,2021,82.29,88.73,79.46
E09000015,Harrow,2022,81.75,90.39,81.19
E09000015,Harrow,2023,84.59,88.88,78.91
E09000015,Harrow,2024,83.66,87.63,77.81
E09000015,Harrow,2025,78.4,83.7,67.1
E06000001,Hartlepool,2014,91.74,96.06,90.27
E06000001,Hartlepool,2015,89.84,92.22,87.69
E06000001,Hartlepool,2016,90.88,95.96,91.32
E06000001,Hartlepool,2017,89.59,96.61,88.72
E06000001,Hartlepool,2018,92.44,96.26,87.92
E06000001,Hartlepool,2019,89.97,95.57,85.71
E06000001,Hartlepool,2020,92.72,95.28,82.06
E06000001,Hartlepool,2021,95.02,95.95,87.85
E06000001,Hartlepool,2022,92.43,95.26,86.82
E06000001,Hartlepool,2023,90.92,95.56,84.5
E06000001,Hartlepool,2024,93.48,96.42,89.15
E06000001,Hartlepool,2025,92.3,93.4,84.3
E09000016,Havering,2014,88.7,90.42,84.66
E09000016,Havering,2015,90.43,93.33,85.54
E09000016,Havering,2016,94.21,96.23,90.29
E09000016,Havering,2017,92.97,96.32,89.43
E09000016,Havering,2018,90.42,95.83,85.25
E09000016,Havering,2019,86.89,95.11,83.87
E09000016,Havering,2020,88.26,93.8,81.09
E09000016,Havering,2021,88.38,93.84,79.68
E09000016,Havering,2022,85.26,91.45,79.07
E09000016,Havering,2023,86.4,90.47,79.48
E09000016,Havering,2024,84.99,90.05,79.3
E09000016,Havering,2025,85.4,89.0,77.4
E06000019,"Herefordshire, County of",2014,92.37,92.99,84.81
E06000019,"Herefordshire, County of",2015,93.51,94.25,87.61
E06000019,"Herefordshire, County of",2016,96.47,97.4,94.59
E06000019,"Herefordshire, County of",2017,96.19,96.9,93.86
E06000019,"Herefordshire, County of",2018,91.43,95.73,90.38
E06000019,"Herefordshire, County of",2019,90.89,95.1,85.34
E06000019,"Herefordshire, County of",2020,90.8,95.27,88.17
E06000019,"Herefordshire, County of",2021,93.24,95.4,88.71
E06000019,"Herefordshire, County of",2022,93.03,95.3,89.91
E06000019,"Herefordshire, County of",2023,93.79,93.97,88.09
E06000019,"Herefordshire, County of",2024,92.95,95.46,89.64
E06000019,"Herefordshire, County of",2025,94.9,95.1,90.7
E10000015,Hertfordshire,2014,95.49,94.13,92.7
E10000015,Hertfordshire,2015,94.96,93.98,92.84
E10000015,Hertfordshire,2016,95.13,96.64,92.05
E10000015,Hertfordshire,2017,94.75,96.55,92.37
E10000015,Hertfordshire,2018,93.16,96.32,91.76
E10000015,Hertfordshire,2019,90.44,95.82,89.77
E10000015,Hertfordshire,2020,89.38,95.86,88.44
E10000015,Hertfordshire,2021,92.4,95.58,90.53
E10000015,Hertfordshire,2022,92.08,94.49,89.68
E10000015,Hertfordshire,2023,91.64,94.46,88.77
E10000015,Hertfordshire,2024,91.09,93.7,88.41
E10000015,Hertfordshire,2025,89.8,93.6,87.7
E09000017,Hillingdon,2014,90.77,92.78,88.37
E09000017,Hillingdon,2015,89.13,92.98,86.36
E09000017,Hillingdon,2016,83.07,93.07,83.6
E09000017,Hillingdon,2017,80.01,92.16,70.13
E09000017,Hillingdon,2018,86.54,91.7,80.11
E09000017,Hillingdon,2019,84.48,90.63,79.07
E09000017,Hillingdon,2020,86.28,90.73,80.7
E09000017,Hillingdon,2021,84.38,89.03,76.73
E09000017,Hillingdon,2022,84.8,89.77,77.4
E09000017,Hillingdon,2023,87.66,90.51,80.97
E09000017,Hillingdon,2024,87.3,88.89,81.04
E09000017,Hillingdon,2025,85.8,90.0,74.3
E09000018,Hounslow,2014,87.76,91.42,76.44
E09000018,Hounslow,2015,84.77,88.76,73.34
E09000018,Hounslow,2016,86.53,93.79,77.39
E09000018,Hounslow,2017,80.3,89.98,74.44
E09000018,Hounslow,2018,84.89,91.76,79.51
E09000018,Hounslow,2019,84.5,91.34,78.85
E09000018,Hounslow,2020,85.1,91.7,82.35
E09000018,Hounslow,2021,84.3,90.73,81.57
E09000018,Hounslow,2022,84.04,91.0,79.78
E09000018,Hounslow,2023,85.58,88.65,77.93
E09000018,Hounslow,2024,83.32,85.96,75.92
E09000018,Hounslow,2025,80.9,86.6,70.8
E06000046,Isle of Wight,2014,89.93,91.61,83.44
E06000046,Isle of Wight,2015,92.66,96.57,88.98
E06000046,Isle of Wight,2016,88.91,94.04,84.63
E06000046,Isle of Wight,2017,88.12,95.78,86.03
E06000046,Isle of Wight,2018,87.72,94.33,81.12
E06000046,Isle of Wight,2019,88.38,95.09,84.19
E06000046,Isle of Wight,2020,88.87,95.02,86.5
E06000046,Isle of Wight,2021,91.4,94.92,88.62
E06000046,Isle of Wight,2022,89.91,93.74,89.29
E06000046,Isle of Wight,2023,91.87,93.02,85.47
E06000046,Isle of Wight,2024,91.36,93.79,85.47
E06000046,Isle of Wight,2025,92.3,93.9,85.8
E09000019,Islington,2014,88.0,92.1,83.73
E09000019,Islington,2015,93.59,95.77,89.72
E09000019,Islington,2016,91.0,94.81,86.3
E09000019,Islington,2017,88.94,94.11,82.24
E09000019,Islington,2018,84.35,94.12,75.25
E09000019,Islington,2019,80.86,90.64,72.13
E09000019,Islington,2020,80.81,88.93,70.16
E09000019,Islington,2021,78.93,88.5,68.05
E09000019,Islington,2022,75.5,86.42,66.6
E09000019,Islington,2023,78.17,84.8,66.28
E09000019,Islington,2024,78.9,83.49,63.75
E09000019,Islington,2025,76.6,81.7,64.3
E09000020,Kensington and Chelsea,2014,80.44,86.94,63.78
E09000020,Kensington and Chelsea,2015,75.08,85.65,66.62
E09000020,Kensington and Chelsea,2016,70.99,74.72,57.18
E09000020,Kensington and Chelsea,2017,70.07,76.75,57.44
E09000020,Kensington and Chelsea,2018,78.04,86.69,68.69
E09000020,Kensington and Chelsea,2019,76.08,85.26,66.71
E09000020,Kensington and Chelsea,2020,77.19,85.19,66.74
E09000020,Kensington and Chelsea,2021,77.91,82.93,65.85
E09000020,Kensington and Chelsea,2022,77.8,86.06,72.22
E09000020,Kensington and Chelsea,2023,79.64,82.73,67.2
E09000020,Kensington and Chelsea,2024,71.35,82.16,64.46
E09000020,Kensington and Chelsea,2025,73.6,80.5,56.3
E10000016,Kent,2014,91.62,93.04,87.14
E10000016,Kent,2015,89.63,93.17,82.45
E10000016,Kent,2016,89.43,95.34,85.6
E10000016,Kent,2017,88.6,95.62,85.67
E10000016,Kent,2018,90.07,95.07,86.64
E10000016,Kent,2019,90.8,94.95,87.93
E10000016,Kent,2020,91.44,95.09,88.47
E10000016,Kent,2021,90.35,94.79,87.92
E10000016,Kent,2022,89.03,93.79,85.22
E10000016,Kent,2023,89.57,92.77,85.16
E10000016,Kent,2024,89.7,91.96,84.03
E10000016,Kent,2025,90.2,92.5,84.3
E06000010,"Kingston upon Hull, City of",2014,94.97,96.68,91.76
E06000010,"Kingston upon Hull, City of",2015,94.75,96.4,93.15
E06000010,"Kingston upon Hull, City of",2016,94.57,97.08,93.3
E06000010,"Kingston upon Hull, City of",2017,93.99,96.84,91.02
E06000010,"Kingston upon Hull, City of",2018,91.42,91.88,87.62
E06000010,"Kingston upon Hull, City of",2019,91.21,91.55,87.94
E06000010,"Kingston upon Hull, City of",2020,92.21,95.21,90.16
E06000010,"Kingston upon Hull, City of",2021,91.96,94.76,89.76
E06000010,"Kingston upon Hull, City of",2022,90.89,92.64,88.12
E06000010,"Kingston upon Hull, City of",2023,89.66,90.63,85.59
E06000010,"Kingston upon Hull, City of",2024,88.86,88.69,83.43
E06000010,"Kingston upon Hull, City of",2025,88.6,90.0,83.8
E09000021,Kingston upon Thames,2014,89.46,92.77,82.9
E09000021,Kingston upon Thames,2015,91.17,93.83,85.51
E09000021,Kingston upon Thames,2016,91.03,92.95,86.09
E09000021,Kingston upon Thames,2017,89.84,91.91,82.98
E09000021,Kingston upon Thames,2018,87.38,90.46,80.66
E09000021,Kingston upon Thames,2019,87.54,91.83,75.05
E09000021,Kingston upon Thames,2020,86.98,90.65,80.24
E09000021,Kingston upon Thames,2021,86.51,90.52,76.36
E09000021,Kingston upon Thames,2022,86.87,90.15,76.9
E09000021,Kingston upon Thames,2023,87.62,88.03,76.39
E09000021,Kingston upon Thames,2024,88.57,88.09,77.11
E09000021,Kingston upon Thames,2025,89.1,89.5,79.0
E08000034,Kirklees,2014,97.98,97.33,94.98
E08000034,Kirklees,2015,96.06,97.8,96.47
E08000034,Kirklees,2016,95.92,97.79,94.79
E08000034,Kirklees,2017,95.29,97.68,94.41
E08000034,Kirklees,2018,94.7,97.46,93.84
E08000034,Kirklees,2019,93.23,97.14,92.53
E08000034,Kirklees,2020,93.25,97.09,92.31
E08000034,Kirklees,2021,93.41,96.13,92.09
E08000034,Kirklees,2022,91.54,94.91,90.6
E08000034,Kirklees,2023,91.74,93.76,88.36
E08000034,Kirklees,2024,90.5,94.55,89.3
E08000034,Kirklees,2025,89.8,93.7,88.4
E08000011,Knowsley,2014,95.23,97.82,94.1
E08000011,Knowsley,2015,95.2,95.84,91.53
E08000011,Knowsley,2016,93.32,98.03,92.94
E08000011,Knowsley,2017,93.58,98.0,89.88
E08000011,Knowsley,2018,91.29,96.42,84.25
E08000011,Knowsley,2019,91.54,95.47,88.43
E08000011,Knowsley,2020,87.49,95.28,86.09
E08000011,Knowsley,2021,84.94,95.07,82.13
E08000011,Knowsley,2022,82.61,93.09,79.26
E08000011,Knowsley,2023,82.36,90.54,76.45
E08000011,Knowsley,2024,83.14,89.63,76.65
E08000011,Knowsley,2025,79.2,88.1,76.9
E09000022,Lambeth,2014,90.41,93.56,87.76
E09000022,Lambeth,2015,90.37,94.43,89.24
E09000022,Lambeth,2016,87.5,91.6,88.14
E09000022,Lambeth,2017,86.0,93.07,88.58
E09000022,Lambeth,2018,84.51,92.07,86.04
E09000022,Lambeth,2019,81.34,90.14,82.7
E09000022,Lambeth,2020,82.03,88.63,81.31
E09000022,Lambeth,2021,76.87,86.94,78.5
E09000022,Lambeth,2022,76.21,86.25,77.73
E09000022,Lambeth,2023,85.23,86.47,79.11
E09000022,Lambeth,2024,83.65,85.9,77.89
E09000022,Lambeth,2025,80.0,84.2,72.0
E10000017,Lancashire,2014,93.67,96.0,90.02
E10000017,Lancashire,2015,92.1,96.08,87.32
E10000017,Lancashire,2016,88.16,95.63,82.76
E10000017,Lancashire,2017,91.5,95.68,85.06
E10000017,Lancashire,2018,88.92,93.56,84.56
E10000017,Lancashire,2019,91.42,92.66,85.31
E10000017,Lancashire,2020,91.38,92.89,86.25
E10000017,Lancashire,2021,89.42,95.2,83.91
E10000017,Lancashire,2022,90.85,95.49,87.83
E10000017,Lancashire,2023,90.75,95.04,88.11
E10000017,Lancashire,2024,89.91,94.66,87.07
E10000017,Lancashire,2025,90.4,93.9,86.6
E08000035,Leeds,2014,95.3,95.21,90.29
E08000035,Leeds,2015,94.56,96.15,92.11
E08000035,Leeds,2016,94.03,96.64,89.54
E08000035,Leeds,2017,93.53,95.33,88.67
E08000035,Leeds,2018,92.89,95.83,88.24
E08000035,Leeds,2019,92.22,95.07,87.05
E08000035,Leeds,2020,91.25,94.48,87.22
E08000035,Leeds,2021,89.56,94.66,86.81
E08000035,Leeds,2022,88.22,93.67,86.1
E08000035,Leeds,2023,88.18,92.22,83.78
E08000035,Leeds,2024,87.27,90.51,81.33
E08000035,Leeds,2025,84.4,89.4,79.5
E06000016,Leicester,2014,95.81,95.62,92.54
E06000016,Leicester,2015,94.79,95.86,91.98
E06000016,Leicester,2016,94.46,96.51,90.26
E06000016,Leicester,2017,93.99,96.31,89.87
E06000016,Leicester,2018,93.73,95.96,88.27
E06000016,Leicester,2019,91.52,95.56,88.22
E06000016,Leicester,2020,91.19,95.08,86.69
E06000016,Leicester,2021,89.84,94.95,87.06
E06000016,Leicester,2022,88.42,93.08,82.07
E06000016,Leicester,2023,88.16,92.89,79.19
E06000016,Leicester,2024,87.67,91.18,79.4
E06000016,Leicester,2025,88.4,91.5,81.2
E10000018,Leicestershire,2014,96.67,96.83,94.24
E10000018,Leicestershire,2015,96.81,97.57,94.67
E10000018,Leicestershire,2016,96.08,97.87,93.51
E10000018,Leicestershire,2017,96.19,98.25,93.78
E10000018,Leicestershire,2018,96.0,98.03,93.62
E10000018,Leicestershire,2019,95.78,97.71,93.86
E10000018,Leicestershire,2020,95.76,97.82,94.43
E10000018,Leicestershire,2021,96.09,97.71,95.02
E10000018,Leicestershire,2022,94.93,97.07,94.0
E10000018,Leicestershire,2023,94.85,96.83,91.93
E10000018,Leicestershire,2024,94.7,96.93,91.69
E10000018,Leicestershire,2025,94.1,96.2,91.0
E09000023,Lewisham,2014,89.07,89.89,71.14
E09000023,Lewisham,2015,90.1,90.67,76.88
E09000023,Lewisham,2016,87.73,91.37,84.87
E09000023,Lewisham,2017,85.3,91.02,84.58
E09000023,Lewisham,2018,89.61,92.69,87.74
E09000023,Lewisham,2019,84.82,90.69,85.33
E09000023,Lewisham,2020,84.81,91.66,86.38
E09000023,Lewisham,2021,83.03,90.21,83.37
E09000023,Lewisham,2022,79.63,87.66,79.43
E09000023,Lewisham,2023,86.52,87.6,80.4
E09000023,Lewisham,2024,85.66,86.63,79.57
E09000023,Lewisham,2025,85.3,86.1,70.8
E10000019,Lincolnshire,2014,93.62,94.69,87.31
E10000019,Lincolnshire,2015,91.44,94.24,84.67
E10000019,Lincolnshire,2016,92.48,95.05,86.94
E10000019,Lincolnshire,2017,93.06,95.33,86.31
E10000019,Lincolnshire,2018,91.23,93.89,85.23
E10000019,Lincolnshire,2019,90.47,93.63,84.95
E10000019,Lincolnshire,2020,90.6,94.9,84.45
E10000019,Lincolnshire,2021,90.53,94.58,85.41
E10000019,Lincolnshire,2022,90.58,93.48,84.36
E10000019,Lincolnshire,2023,90.08,93.0,83.92
E10000019,Lincolnshire,2024,89.67,91.85,83.76
E10000019,Lincolnshire,2025,90.3,92.5,84.0
E08000012,Liverpool,2014,94.71,96.83,90.92
E08000012,Liverpool,2015,93.57,96.68,87.85
E08000012,Liverpool,2016,92.99,95.79,88.02
E08000012,Liverpool,2017,92.59,95.76,87.89
E08000012,Liverpool,2018,92.97,94.98,86.75
E08000012,Liverpool,2019,91.08,95.99,87.67
E08000012,Liverpool,2020,90.14,95.46,85.26
E08000012,Liverpool,2021,84.55,91.54,79.53
E08000012,Liverpool,2022,82.09,88.81,76.49
E08000012,Liverpool,2023,80.03,87.04,73.6
E08000012,Liverpool,2024,81.0,86.5,73.42
E08000012,Liverpool,2025,80.6,86.8,75.5
E06000032,Luton,2014,91.47,94.75,84.58
E06000032,Luton,2015,90.35,93.19,82.63
E06000032,Luton,2016,90.7,93.07,83.71
E06000032,Luton,2017,89.24,94.99,82.32
E06000032,Luton,2018,86.9,94.97,81.67
E06000032,Luton,2019,82.73,93.83,79.9
E06000032,Luton,2020,85.02,92.68,78.66
E06000032,Luton,2021,85.74,92.19,82.52
E06000032,Luton,2022,84.13,90.79,82.17
E06000032,Luton,2023,85.88,89.8,81.37
E06000032,Luton,2024,84.23,88.05,79.56
E06000032,Luton,2025,84.5,86.9,77.2
E08000003,Manchester,2014,92.86,94.69,90.19
E08000003,Manchester,2015,89.13,94.4,87.57
E08000003,Manchester,2016,88.41,94.29,83.89
E08000003,Manchester,2017,90.21,94.37,84.1
E08000003,Manchester,2018,89.53,94.55,85.6
E08000003,Manchester,2019,87.85,92.11,82.14
E08000003,Manchester,2020,86.32,91.63,80.03
E08000003,Manchester,2021,86.77,91.23,79.17
E08000003,Manchester,2022,84.52,89.78,77.27
E08000003,Manchester,2023,84.84,88.57,74.5
E08000003,Manchester,2024,83.17,87.5,74.6
E08000003,Manchester,2025,81.2,86.4,74.5
E06000035,Medway,2014,91.41,92.61,86.56
E06000035,Medway,2015,88.57,93.16,84.45
E06000035,Medway,2016,88.71,94.61,81.46
E06000035,Medway,2017,86.33,95.14,83.72
E06000035,Medway,2018,90.44,95.02,86.02
E06000035,Medway,2019,90.98,93.71,86.51
E06000035,Medway,2020,90.94,95.3,87.09
E06000035,Medway,2021,89.66,94.6,86.01
E06000035,Medway,2022,88.15,92.91,84.29
E06000035,Medway,2023,88.04,91.56,82.48
E06000035,Medway,2024,87.48,90.11,80.5
E06000035,Medway,2025,89.0,90.8,81.5
E09000024,Merton,2014,82.08,84.32,72.3
E09000024,Merton,2015,88.85,86.51,80.39
E09000024,Merton,2016,88.18,87.61,79.99
E09000024,Merton,2017,88.12,89.25,80.38
E09000024,Merton,2018,85.21,87.56,66.66
E09000024,Merton,2019,83.35,88.36,68.57
E09000024,Merton,2020,83.2,89.19,70.33
E09000024,Merton,2021,85.68,88.77,72.55
E09000024,Merton,2022,83.62,87.98,72.91
E09000024,Merton,2023,82.26,85.77,71.66
E09000024,Merton,2024,84.62,86.94,72.23
E09000024,Merton,2025,85.8,85.7,71.8
E06000002,Middlesbrough,2014,92.73,95.42,90.27
E06000002,Middlesbrough,2015,91.93,95.61,92.27
E06000002,Middlesbrough,2016,92.13,95.58,89.98
E06000002,Middlesbrough,2017,93.86,95.66,89.3
E06000002,Middlesbrough,2018,91.86,95.18,88.31
E06000002,Middlesbrough,2019,90.33,94.54,86.2
E06000002,Middlesbrough,2020,91.26,94.39,86.73
E06000002,Middlesbrough,2021,90.23,92.9,84.66
E06000002,Middlesbrough,2022,87.9,91.76,84.0
E06000002,Middlesbrough,2023,87.93,90.01,82.13
E06000002,Middlesbrough,2024,86.86,88.38,77.93
E06000002,Middlesbrough,2025,88.5,91.2,82.5
E06000042,Milton Keynes,2014,93.26,94.74,89.86
E06000042,Milton Keynes,2015,93.54,95.88,90.81
E06000042,Milton Keynes,2016,95.67,96.93,90.11
E06000042,Milton Keynes,2017,93.93,96.85,88.4
E06000042,Milton Keynes,2018,93.06,97.01,89.52
E06000042,Milton Keynes,2019,90.91,97.38,90.7
E06000042,Milton Keynes,2020,92.5,96.1,89.71
E06000042,Milton Keynes,2021,93.11,95.54,90.24
E06000042,Milton Keynes,2022,92.48,93.53,87.93
E06000042,Milton Keynes,2023,92.29,93.03,87.39
E06000042,Milton Keynes,2024,92.54,91.92,87.32
E06000042,Milton Keynes,2025,91.8,93.1,88.3
E08000021,Newcastle upon Tyne,2014,94.64,96.05,92.42
E08000021,Newcastle upon Tyne,2015,94.72,96.18,91.13
E08000021,Newcastle upon Tyne,2016,93.95,95.3,92.18
E08000021,Newcastle upon Tyne,2017,93.83,96.88,90.38
E08000021,Newcastle upon Tyne,2018,93.34,96.02,88.99
E08000021,Newcastle upon Tyne,2019,92.88,96.37,88.98
E08000021,Newcastle upon Tyne,2020,93.81,95.37,89.01
E08000021,Newcastle upon Tyne,2021,93.67,95.64,89.76
E08000021,Newcastle upon Tyne,2022,90.2,94.9,86.89
E08000021,Newcastle upon Tyne,2023,93.33,93.08,85.15
E08000021,Newcastle upon Tyne,2024,91.32,92.76,85.22
E08000021,Newcastle upon Tyne,2025,91.0,92.2,84.3
E09000025,Newham,2014,85.12,90.2,74.47
E09000025,Newham,2015,89.13,91.55,80.65
E09000025,Newham,2016,87.2,92.4,77.25
E09000025,Newham,2017,86.83,93.49,73.57
E09000025,Newham,2018,82.87,89.81,68.87
E09000025,Newham,2019,80.4,88.98,68.72
E09000025,Newham,2020,82.52,87.92,71.58
E09000025,Newham,2021,81.83,87.61,71.26
E09000025,Newham,2022,76.84,84.87,69.9
E09000025,Newham,2023,79.12,84.2,67.97
E09000025,Newham,2024,80.09,82.1,67.67
E09000025,Newham,2025,79.7,81.3,67.2
E10000020,Norfolk,2014,93.67,93.63,88.41
E10000020,Norfolk,2015,94.67,94.58,91.07
E10000020,Norfolk,2016,94.49,95.9,94.95
E10000020,Norfolk,2017,94.95,95.94,90.65
E10000020,Norfolk,2018,94.28,96.37,91.61
E10000020,Norfolk,2019,93.66,95.93,90.2
E10000020,Norfolk,2020,94.31,96.59,91.91
E10000020,Norfolk,2021,94.17,96.47,92.77
E10000020,Norfolk,2022,93.34,95.79,91.68
E10000020,Norfolk,2023,92.85,95.4,90.6
E10000020,Norfolk,2024,93.84,95.42,90.29
E10000020,Norfolk,2025,93.5,95.6,90.4
E06000012,North East Lincolnshire,2014,96.22,97.77,95.03
E06000012,North East Lincolnshire,2015,97.38,98.2,95.48
E06000012,North East Lincolnshire,2016,96.38,98.49,95.37
E06000012,North East Lincolnshire,2017,96.63,97.99,94.58
E06000012,North East Lincolnshire,2018,95.55,98.52,95.77
E06000012,North East Lincolnshire,2019,95.81,98.01,94.79
E06000012,North East Lincolnshire,2020,95.61,98.19,94.75
E06000012,North East Lincolnshire,2021,95.28,97.27,94.18
E06000012,North East Lincolnshire,2022,93.37,96.87,93.53
E06000012,North East Lincolnshire,2023,94.79,96.23,91.63
E06000012,North East Lincolnshire,2024,94.45,95.97,91.61
E06000012,North East Lincolnshire,2025,94.1,95.9,90.3
E06000013,North Lincolnshire,2014,94.68,96.46,91.41
E06000013,North Lincolnshire,2015,94.71,96.16,91.82
E06000013,North Lincolnshire,2016,93.61,97.98,90.88
E06000013,North Lincolnshire,2017,93.0,97.51,90.65
E06000013,North Lincolnshire,2018,92.85,96.83,89.25
E06000013,North Lincolnshire,2019,91.44,95.18,90.46
E06000013,North Lincolnshire,2020,92.9,94.18,89.63
E06000013,North Lincolnshire,2021,92.17,94.9,89.8
E06000013,North Lincolnshire,2022,88.86,92.22,85.8
E06000013,North Lincolnshire,2023,87.81,92.47,85.46
E06000013,North Lincolnshire,2024,87.74,90.68,83.38
E06000013,North Lincolnshire,2025,89.2,89.5,83.6
E06000061,North Northamptonshire,2022,92.56,95.33,89.83
E06000061,North Northamptonshire,2023,90.88,93.27,86.86
E06000061,North Northamptonshire,2024,90.21,92.7,86.67
E06000061,North Northamptonshire,2025,90.9,92.7,85.8
E06000024,North Somerset,2014,95.32,97.14,92.43
E06000024,North Somerset,2015,94.76,97.65,92.99
E06000024,North Somerset,2016,94.74,97.4,90.61
E06000024,North Somerset,2017,94.07,96.41,89.88
E06000024,North Somerset,2018,94.08,96.88,92.73
E06000024,North Somerset,2019,93.76,97.19,91.33
E06000024,North Somerset,2020,94.28,97.22,91.62
E06000024,North Somerset,2021,94.34,96.88,91.94
E06000024,North Somerset,2022,95.03,96.0,91.8
E06000024,North Somerset,2023,94.1,96.34,91.44
E06000024,North Somerset,2024,93.62,94.56,88.66
E06000024,North Somerset,2025,94.2,96.2,91.8
E08000022,North Tyneside,2014,95.83,98.31,96.61
E08000022,North Tyneside,2015,97.04,97.1,96.94
E08000022,North Tyneside,2016,97.29,98.65,98.65
E08000022,North Tyneside,2017,96.63,98.27,93.06
E08000022,North Tyneside,2018,96.68,97.57,93.49
E08000022,North Tyneside,2019,96.35,97.69,94.52
E08000022,North Tyneside,2020,96.95,97.05,94.36
E08000022,North Tyneside,2021,96.74,98.44,95.01
E08000022,North Tyneside,2022,96.86,96.98,93.96
E08000022,North Tyneside,2023,95.8,97.09,92.79
E08000022,North Tyneside,2024,96.01,96.1,91.67
E08000022,North Tyneside,2025,96.3,96.3,92.6
E10000023,North Yorkshire,2014,94.49,94.97,90.12
E10000023,North Yorkshire,2015,94.89,95.82,91.52
E10000023,North Yorkshire,2016,93.35,95.02,89.05
E10000023,North Yorkshire,2017,93.31,96.55,89.37
E10000023,North Yorkshire,2018,92.73,95.85,88.06
E10000023,North Yorkshire,2019,92.67,96.17,88.99
E10000023,North Yorkshire,2020,93.59,95.79,87.94
E10000023,North Yorkshire,2021,93.58,96.51,90.57
E10000023,North Yorkshire,2022,92.96,95.93,89.84
E10000023,North Yorkshire,2023,91.3,96.1,90.32
E10000023,North Yorkshire,2024,90.83,95.73,88.74
E10000023,North Yorkshire,2025,92.9,94.9,88.0
E10000021,Northamptonshire,2014,96.1,95.55,93.05
E10000021,Northamptonshire,2015,96.57,95.85,93.4
E10000021,Northamptonshire,2016,96.01,96.74,95.25
E10000021,Northamptonshire,2017,93.68,93.24,86.54
E10000021,Northamptonshire,2018,93.51,96.68,91.38
E10000021,Northamptonshire,2019,91.28,95.54,88.34
E10000021,Northamptonshire,2020,92.57,95.45,87.61
E10000021,Northamptonshire,2021,92.52,95.0,89.44
E06000057,Northumberland,2014,96.31,96.24,90.85
E06000057,Northumberland,2015,95.65,97.11,95.28
E06000057,Northumberland,2016,93.9,98.09,98.06
E06000057,Northumberland,2017,91.05,98.42,90.92
E06000057,Northumberland,2018,94.57,97.87,91.36
E06000057,Northumberland,2019,94.18,97.66,89.19
E06000057,Northumberland,2020,94.03,97.96,92.48
E06000057,Northumberland,2021,95.21,98.01,91.2
E06000057,Northumberland,2022,94.66,97.85,91.48
E06000057,Northumberland,2023,96.35,97.03,92.64
E06000057,Northumberland,2024,95.96,96.83,92.51
E06000057,Northumberland,2025,95.1,96.8,93.5
E06000018,Nottingham,2014,91.69,93.1,85.68
E06000018,Nottingham,2015,90.75,93.48,86.46
E06000018,Nottingham,2016,89.71,95.9,84.17
E06000018,Nottingham,2017,88.3,95.62,82.54
E06000018,Nottingham,2018,87.9,94.93,80.32
E06000018,Nottingham,2019,84.74,94.36,80.34
E06000018,Nottingham,2020,86.3,93.78,81.22
E06000018,Nottingham,2021,87.31,93.15,81.3
E06000018,Nottingham,2022,83.94,91.12,76.71
E06000018,Nottingham,2023,84.89,89.24,75.12
E06000018,Nottingham,2024,83.43,87.86,73.98
E06000018,Nottingham,2025,81.9,86.4,71.7
E10000024,Nottinghamshire,2014,94.25,95.33,90.2
E10000024,Nottinghamshire,2015,93.52,96.52,91.29
E10000024,Nottinghamshire,2016,93.94,96.21,89.87
E10000024,Nottinghamshire,2017,92.78,96.73,88.22
E10000024,Nottinghamshire,2018,93.45,96.86,89.12
E10000024,Nottinghamshire,2019,93.12,96.85,89.52
E10000024,Nottinghamshire,2020,93.08,96.4,88.6
E10000024,Nottinghamshire,2021,92.9,96.46,90.19
E10000024,Nottinghamshire,2022,92.39,95.75,87.98
E10000024,Nottinghamshire,2023,91.97,94.36,85.95
E10000024,Nottinghamshire,2024,91.14,94.07,85.64
E10000024,Nottinghamshire,2025,91.8,93.8,86.1
E08000004,Oldham,2014,96.08,94.88,92.97
E08000004,Oldham,2015,96.76,97.21,94.87
E08000004,Oldham,2016,96.05,97.0,93.75
E08000004,Oldham,2017,95.08,96.86,92.27
E08000004,Oldham,2018,95.62,96.43,91.19
E08000004,Oldham,2019,94.92,96.89,90.74
E08000004,Oldham,2020,95.93,97.29,92.35
E08000004,Oldham,2021,92.46,96.76,88.79
E08000004,Oldham,2022,89.68,94.98,87.76
E08000004,Oldham,2023,85.23,94.01,80.83
E08000004,Oldham,2024,84.61,93.19,79.81
E08000004,Oldham,2025,88.7,92.7,84.3
E10000025,Oxfordshire,2014,95.07,97.66,93.07
E10000025,Oxfordshire,2015,95.18,96.38,92.54
E10000025,Oxfordshire,2016,95.13,96.39,92.83
E10000025,Oxfordshire,2017,94.96,96.3,92.39
E10000025,Oxfordshire,2018,93.01,97.76,90.76
E10000025,Oxfordshire,2019,94.02,96.98,90.39
E10000025,Oxfordshire,2020,94.07,97.12,92.51
E10000025,Oxfordshire,2021,93.97,96.65,92.07
E10000025,Oxfordshire,2022,92.86,95.9,91.28
E10000025,Oxfordshire,2023,93.08,95.16,90.63
E10000025,Oxfordshire,2024,93.5,95.54,90.8
E10000025,Oxfordshire,2025,93.8,95.3,91.0
E06000031,Peterborough,2014,92.17,91.44,83.57
E06000031,Peterborough,2015,92.62,94.58,87.53
E06000031,Peterborough,2016,92.61,94.8,89.58
E06000031,Peterborough,2017,91.08,95.62,89.62
E06000031,Peterborough,2018,90.03,95.03,88.58
E06000031,Peterborough,2019,86.97,93.61,84.02
E06000031,Peterborough,2020,88.35,92.79,83.19
E06000031,Peterborough,2021,87.96,92.91,85.51
E06000031,Peterborough,2022,80.46,85.46,77.45
E06000031,Peterborough,2023,80.44,85.55,75.73
E06000031,Peterborough,2024,82.25,86.28,76.59
E06000031,Peterborough,2025,85.1,88.2,79.8
E06000026,Plymouth,2014,94.17,95.92,88.08
E06000026,Plymouth,2015,95.62,96.39,89.54
E06000026,Plymouth,2016,95.35,96.56,90.41
E06000026,Plymouth,2017,95.32,97.42,91.39
E06000026,Plymouth,2018,95.74,97.85,94.11
E06000026,Plymouth,2019,94.88,97.5,93.86
E06000026,Plymouth,2020,95.88,97.64,93.17
E06000026,Plymouth,2021,95.22,97.38,93.5
E06000026,Plymouth,2022,95.24,96.67,92.77
E06000026,Plymouth,2023,94.32,96.54,91.59
E06000026,Plymouth,2024,93.49,95.85,90.66
E06000026,Plymouth,2025,95.1,96.2,91.3
E06000029,Poole,2014,92.08,93.95,88.77
E06000029,Poole,2015,93.19,92.93,89.14
E06000029,Poole,2016,93.32,88.09,88.09
E06000029,Poole,2017,93.0,97.59,90.97
E06000029,Poole,2018,95.74,97.45,94.4
E06000029,Poole,2019,95.25,97.3,93.11
E06000044,Portsmouth,2014,94.83,94.19,89.16
E06000044,Portsmouth,2015,93.32,94.84,90.51
E06000044,Portsmouth,2016,95.59,96.09,89.34
E06000044,Portsmouth,2017,93.8,96.72,90.04
E06000044,Portsmouth,2018,95.1,96.92,91.17
E06000044,Portsmouth,2019,92.47,96.23,92.02
E06000044,Portsmouth,2020,94.65,95.45,90.76
E06000044,Portsmouth,2021,94.31,96.27,91.84
E06000044,Portsmouth,2022,92.67,94.94,89.42
E06000044,Portsmouth,2023,90.49,93.28,86.16
E06000044,Portsmouth,2024,92.62,94.03,86.07
E06000044,Portsmouth,2025,92.4,94.3,86.9
E06000038,Reading,2014,93.61,94.23,89.66
E06000038,Reading,2015,90.99,93.22,86.8
E06000038,Reading,2016,90.68,93.11,85.81
E06000038,Reading,2017,91.24,94.01,85.7
E06000038,Reading,2018,88.82,94.75,81.9
E06000038,Reading,2019,89.38,93.72,81.55
E06000038,Reading,2020,92.02,94.8,86.1
E06000038,Reading,2021,91.58,94.41,86.49
E06000038,Reading,2022,89.72,92.82,85.49
E06000038,Reading,2023,90.67,93.52,84.38
E06000038,Reading,2024,90.61,92.82,85.26
E06000038,Reading,2025,89.6,92.0,85.9
E09000026,Redbridge,2014,88.02,90.12,78.38
E09000026,Redbridge,2015,87.97,90.97,76.62
E09000026,Redbridge,2016,92.14,96.74,87.99
E09000026,Redbridge,2017,91.34,95.92,87.7
E09000026,Redbridge,2018,85.23,93.86,78.06
E09000026,Redbridge,2019,81.34,89.9,71.53
E09000026,Redbridge,2020,81.63,90.04,74.28
E09000026,Redbridge,2021,81.55,88.38,71.52
E09000026,Redbridge,2022,76.6,86.79,69.69
E09000026,Redbridge,2023,80.48,84.64,69.46
E09000026,Redbridge,2024,80.29,83.64,69.82
E09000026,Redbridge,2025,81.8,83.1,69.2
E06000003,Redcar and Cleveland,2014,95.45,97.82,93.41
E06000003,Redcar and Cleveland,2015,93.85,97.55,94.98
E06000003,Redcar and Cleveland,2016,94.97,97.05,92.3
E06000003,Redcar and Cleveland,2017,97.48,99.05,93.35
E06000003,Redcar and Cleveland,2018,95.09,97.77,92.62
E06000003,Redcar and Cleveland,2019,93.94,96.6,91.56
E06000003,Redcar and Cleveland,2020,93.79,97.02,91.84
E06000003,Redcar and Cleveland,2021,94.92,97.26,92.19
E06000003,Redcar and Cleveland,2022,93.2,96.96,92.8
E06000003,Redcar and Cleveland,2023,93.5,95.75,89.48
E06000003,Redcar and Cleveland,2024,92.67,95.68,89.09
E06000003,Redcar and Cleveland,2025,93.4,95.7,89.2
E09000027,Richmond upon Thames,2014,89.02,91.64,77.26
E09000027,Richmond upon Thames,2015,86.35,90.03,77.34
E09000027,Richmond upon Thames,2016,87.19,94.52,78.12
E09000027,Richmond upon Thames,2017,76.18,86.63,69.98
E09000027,Richmond upon Thames,2018,91.75,91.53,72.9
E09000027,Richmond upon Thames,2019,86.97,91.05,75.89
E09000027,Richmond upon Thames,2020,87.96,91.02,76.56
E09000027,Richmond upon Thames,2021,86.66,90.2,75.46
E09000027,Richmond upon Thames,2022,82.96,89.97,75.59
E09000027,Richmond upon Thames,2023,85.5,89.2,74.1
E09000027,Richmond upon Thames,2024,76.93,88.44,72.26
E09000027,Richmond upon Thames,2025,78.0,88.3,68.8
E08000005,Rochdale,2014,95.74,94.98,92.68
E08000005,Rochdale,2015,95.5,96.5,93.68
E08000005,Rochdale,2016,96.28,98.58,95.39
E08000005,Rochdale,2017,96.06,98.03,94.11
E08000005,Rochdale,2018,95.29,97.53,94.11
E08000005,Rochdale,2019,94.13,97.58,93.4
E08000005,Rochdale,2020,94.6,97.25,93.53
E08000005,Rochdale,2021,91.98,95.81,90.87
E08000005,Rochdale,2022,91.54,94.86,89.11
E08000005,Rochdale,2023,87.99,94.0,85.2
E08000005,Rochdale,2024,83.78,92.72,80.16
E08000005,Rochdale,2025,89.7,94.1,86.4
E08000018,Rotherham,2014,92.99,95.3,90.66
E08000018,Rotherham,2015,93.15,95.17,91.4
E08000018,Rotherham,2016,94.42,96.73,90.32
E08000018,Rotherham,2017,94.39,97.02,90.95
E08000018,Rotherham,2018,93.69,96.39,90.14
E08000018,Rotherham,2019,94.56,96.96,92.98
E08000018,Rotherham,2020,95.5,96.11,92.9
E08000018,Rotherham,2021,95.71,96.75,93.02
E08000018,Rotherham,2022,94.59,96.0,92.0
E08000018,Rotherham,2023,92.57,96.04,91.76
E08000018,Rotherham,2024,93.25,94.77,88.53
E08000018,Rotherham,2025,94.5,95.6,90.2
E08000006,Salford,2014,98.33,98.63,97.41
E08000006,Salford,2015,97.28,98.65,97.48
E08000006,Salford,2016,96.81,98.63,96.81
E08000006,Salford,2017,95.44,97.1,95.26
E08000006,Salford,2018,91.82,97.38,92.01
E08000006,Salford,2019,91.84,96.74,91.81
E08000006,Salford,2020,91.05,95.11,89.25
E08000006,Salford,2021,89.2,93.89,86.5
E08000006,Salford,2022,87.26,92.81,82.64
E08000006,Salford,2023,85.24,90.37,79.8
E08000006,Salford,2024,84.67,90.44,81.01
E08000006,Salford,2025,85.2,90.8,81.6
E08000028,Sandwell,2014,91.3,93.06,88.05
E08000028,Sandwell,2015,89.28,93.16,87.01
E08000028,Sandwell,2016,91.13,93.56,87.77
E08000028,Sandwell,2017,92.35,97.5,91.06
E08000028,Sandwell,2018,88.58,95.95,86.9
E08000028,Sandwell,2019,90.22,94.62,85.85
E08000028,Sandwell,2020,89.07,95.5,86.32
E08000028,Sandwell,2021,88.02,94.08,82.57
E08000028,Sandwell,2022,85.58,92.74,80.4
E08000028,Sandwell,2023,85.38,90.66,80.21
E08000028,Sandwell,2024,86.9,90.17,79.4
E08000028,Sandwell,2025,88.0,90.5,79.2
E08000014,Sefton,2014,94.71,96.33,90.32
E08000014,Sefton,2015,93.62,97.47,91.32
E08000014,Sefton,2016,93.64,97.42,91.17
E08000014,Sefton,2017,92.01,96.8,94.49
E08000014,Sefton,2018,91.5,95.65,87.29
E08000014,Sefton,2019,88.81,96.09,84.55
E08000014,Sefton,2020,89.7,94.67,83.39
E08000014,Sefton,2021,88.47,94.32,85.12
E08000014,Sefton,2022,90.29,93.3,86.31
E08000014,Sefton,2023,87.79,92.7,82.59
E08000014,Sefton,2024,86.79,92.36,83.16
E08000014,Sefton,2025,86.1,93.9,84.8
E08000019,Sheffield,2014,90.81,95.25,89.37
E08000019,Sheffield,2015,90.57,94.77,89.01
E08000019,Sheffield,2016,91.5,95.95,95.22
E08000019,Sheffield,2017,92.73,96.36,86.67
E08000019,Sheffield,2018,93.59,96.67,87.94
E08000019,Sheffield,2019,92.26,95.29,87.13
E08000019,Sheffield,2020,92.78,95.57,87.26
E08000019,Sheffield,2021,92.95,95.86,88.82
E08000019,Sheffield,2022,90.39,94.25,85.49
E08000019,Sheffield,2023,89.59,92.97,85.18
E08000019,Sheffield,2024,90.43,93.64,86.21
E08000019,Sheffield,2025,89.8,93.3,86.1
E06000051,Shropshire,2014,97.81,97.05,94.64
E06000051,Shropshire,2015,95.52,96.71,93.38
E06000051,Shropshire,2016,95.92,96.33,92.24
E06000051,Shropshire,2017,96.03,96.67,92.8
E06000051,Shropshire,2018,94.64,95.15,88.41
E06000051,Shropshire,2019,93.89,96.17,90.28
E06000051,Shropshire,2020,94.02,96.68,90.65
E06000051,Shropshire,2021,94.28,96.34,91.16
E06000051,Shropshire,2022,95.28,96.72,91.63
E06000051,Shropshire,2023,94.66,95.58,89.8
E06000051,Shropshire,2024,93.54,95.5,89.34
E06000051,Shropshire,2025,94.2,96.1,90.3
E06000039,Slough,2014,90.96,91.98,82.24
E06000039,Slough,2015,88.3,92.43,82.18
E06000039,Slough,2016,86.73,93.68,81.9
E06000039,Slough,2017,84.82,91.13,79.02
E06000039,Slough,2018,87.14,93.97,81.13
E06000039,Slough,2019,88.39,93.9,83.66
E06000039,Slough,2020,89.25,94.98,87.7
E06000039,Slough,2021,88.78,93.97,86.33
E06000039,Slough,2022,86.61,92.65,84.51
E06000039,Slough,2023,87.71,92.23,84.61
E06000039,Slough,2024,87.06,90.71,83.89
E06000039,Slough,2025,88.3,91.2,84.7
E08000029,Solihull,2014,94.35,93.15,90.23
E08000029,Solihull,2015,93.76,94.91,91.54
E08000029,Solihull,2016,93.74,94.75,88.78
E08000029,Solihull,2017,95.44,97.8,93.29
E08000029,Solihull,2018,92.13,96.52,88.83
E08000029,Solihull,2019,93.35,96.29,88.54
E08000029,Solihull,2020,88.61,96.58,88.78
E08000029,Solihull,2021,90.19,95.97,87.15
E08000029,Solihull,2022,90.31,96.12,88.32
E08000029,Solihull,2023,91.8,94.58,85.78
E08000029,Solihull,2024,90.27,95.04,85.96
E08000029,Solihull,2025,89.6,92.8,85.6
E10000027,Somerset,2014,94.53,96.01,91.3
E10000027,Somerset,2015,94.66,96.61,92.15
E10000027,Somerset,2016,93.77,96.2,90.8
E10000027,Somerset,2017,93.76,96.23,90.34
E10000027,Somerset,2018,94.32,95.81,91.46
E10000027,Somerset,2019,92.09,95.32,89.06
E10000027,Somerset,2020,93.42,95.97,91.43
E10000027,Somerset,2021,92.55,95.78,90.93
E10000027,Somerset,2022,93.33,95.67,91.06
E10000027,Somerset,2023,92.4,95.08,90.43
E10000027,Somerset,2024,91.88,94.09,88.0
E10000027,Somerset,2025,92.3,94.7,89.6
E06000025,South Gloucestershire,2014,96.34,96.79,92.5
E06000025,South Gloucestershire,2015,96.27,97.57,92.7
E06000025,South Gloucestershire,2016,94.89,98.05,93.29
E06000025,South Gloucestershire,2017,93.27,97.5,91.37
E06000025,South Gloucestershire,2018,94.06,97.77,93.36
E06000025,South Gloucestershire,2019,95.51,96.93,90.67
E06000025,South Gloucestershire,2020,94.18,97.21,91.96
E06000025,South Gloucestershire,2021,94.26,96.35,90.95
E06000025,South Gloucestershire,2022,95.2,96.79,91.87
E06000025,South Gloucestershire,2023,94.63,96.18,91.65
E06000025,South Gloucestershire,2024,93.93,95.0,89.97
E06000025,South Gloucestershire,2025,93.4,95.8,90.7
E08000023,South Tyneside,2014,97.48,98.27,96.37
E08000023,South Tyneside,2015,98.05,98.39,95.94
E08000023,South Tyneside,2016,95.96,98.9,95.95
E08000023,South Tyneside,2017,96.29,98.65,96.24
E08000023,South Tyneside,2018,96.7,98.55,95.26
E08000023,South Tyneside,2019,96.24,95.68,93.27
E08000023,South Tyneside,2020,96.7,97.71,93.77
E08000023,South Tyneside,2021,96.37,97.26,94.13
E08000023,South Tyneside,2022,97.73,97.0,94.29
E08000023,South Tyneside,2023,97.29,96.34,92.75
E08000023,South Tyneside,2024,96.26,96.84,93.69
E08000023,South Tyneside,2025,95.7,97.9,94.2
E06000045,Southampton,2014,95.17,95.21,90.6
E06000045,Southampton,2015,95.66,96.25,90.79
E06000045,Southampton,2016,94.86,95.79,91.42
E06000045,Southampton,2017,95.21,96.52,90.19
E06000045,Southampton,2018,93.88,97.15,92.05
E06000045,Southampton,2019,91.29,96.19,90.14
E06000045,Southampton,2020,91.66,96.03,89.34
E06000045,Southampton,2021,93.65,94.04,89.78
E06000045,Southampton,2022,91.68,93.89,88.08
E06000045,Southampton,2023,90.26,92.21,85.74
E06000045,Southampton,2024,91.19,92.87,85.45
E06000045,Southampton,2025,90.8,93.4,86.7
E06000033,Southend-on-Sea,2014,95.64,93.75,89.04
E06000033,Southend-on-Sea,2015,93.86,94.35,90.17
E06000033,Southend-on-Sea,2016,92.97,94.77,90.38
E06000033,Southend-on-Sea,2017,93.7,95.72,89.98
E06000033,Southend-on-Sea,2018,89.38,95.94,89.63
E06000033,Southend-on-Sea,2019,91.1,95.42,87.19
E06000033,Southend-on-Sea,2020,90.98,95.87,89.15
E06000033,Southend-on-Sea,2021,91.26,94.45,88.94
E06000033,Southend-on-Sea,2022,89.53,95.0,89.9
E06000033,Southend-on-Sea,2023,89.32,93.0,84.96
E06000033,Southend-on-Sea,2024,89.74,93.01,84.76
E06000033,Southend-on-Sea,2025,91.0,92.8,85.6
E09000028,Southwark,2014,88.94,91.88,85.27
E09000028,Southwark,2015,90.16,92.17,87.76
E09000028,Southwark,2016,86.12,88.55,85.32
E09000028,Southwark,2017,88.51,89.42,86.89
E09000028,Southwark,2018,87.81,92.66,81.85
E09000028,Southwark,2019,85.85,89.81,82.4
E09000028,Southwark,2020,85.72,91.13,86.11
E09000028,Southwark,2021,84.08,91.2,83.14
E09000028,Southwark,2022,83.41,88.66,81.97
E09000028,Southwark,2023,85.17,88.59,82.51
E09000028,Southwark,2024,84.56,87.08,79.72
E09000028,Southwark,2025,80.4,85.8,72.1
E08000013,St. Helens,2014,96.32,97.41,93.1
E08000013,St. Helens,2015,92.54,97.29,90.65
E08000013,St. Helens,2016,91.29,97.96,89.42
E08000013,St. Helens,2017,90.44,97.1,88.39
E08000013,St. Helens,2018,91.15,96.93,90.14
E08000013,St. Helens,2019,89.95,97.75,89.34
E08000013,St. Helens,2020,89.55,96.3,87.18
E08000013,St. Helens,2021,89.78,95.94,87.72
E08000013,St. Helens,2022,90.71,95.64,88.06
E08000013,St. Helens,2023,90.69,94.38,86.04
E08000013,St. Helens,2024,89.85,94.29,86.8
E08000013,St. Helens,2025,91.5,94.4,87.4
E10000028,Staffordshire,2014,94.99,95.8,90.82
E10000028,Staffordshire,2015,94.94,95.86,91.6
E10000028,Staffordshire,2016,93.53,95.83,90.17
E10000028,Staffordshire,2017,94.08,96.68,91.24
E10000028,Staffordshire,2018,94.33,96.72,90.54
E10000028,Staffordshire,2019,93.33,96.85,90.87
E10000028,Staffordshire,2020,93.77,96.62,90.08
E10000028,Staffordshire,2021,93.87,96.34,90.6
E10000028,Staffordshire,2022,93.78,96.06,90.41
E10000028,Staffordshire,2023,93.57,95.53,89.3
E10000028,Staffordshire,2024,92.63,94.84,87.94
E10000028,Staffordshire,2025,92.6,95.1,88.2
E08000007,Stockport,2014,93.74,97.18,92.69
E08000007,Stockport,2015,92.75,96.12,91.68
E08000007,Stockport,2016,93.18,96.71,88.88
E08000007,Stockport,2017,93.4,98.5,92.92
E08000007,Stockport,2018,93.75,96.7,89.24
E08000007,Stockport,2019,94.96,96.93,92.06
E08000007,Stockport,2020,94.45,97.44,93.45
E08000007,Stockport,2021,95.2,97.4,92.87
E08000007,Stockport,2022,93.98,97.03,92.11
E08000007,Stockport,2023,93.78,96.16,91.34
E08000007,Stockport,2024,92.06,95.61,90.36
E08000007,Stockport,2025,92.5,95.7,91.5
E06000004,Stockton-on-Tees,2014,94.55,94.65,90.59
E06000004,Stockton-on-Tees,2015,94.24,93.86,91.53
E06000004,Stockton-on-Tees,2016,95.24,95.48,91.72
E06000004,Stockton-on-Tees,2017,94.36,96.78,90.86
E06000004,Stockton-on-Tees,2018,93.67,97.67,91.0
E06000004,Stockton-on-Tees,2019,94.79,97.5,90.95
E06000004,Stockton-on-Tees,2020,94.67,96.84,91.26
E06000004,Stockton-on-Tees,2021,95.05,96.99,91.63
E06000004,Stockton-on-Tees,2022,95.64,97.2,92.49
E06000004,Stockton-on-Tees,2023,94.56,96.71,92.05
E06000004,Stockton-on-Tees,2024,93.26,95.42,89.7
E06000004,Stockton-on-Tees,2025,92.5,95.5,89.2
E06000021,Stoke-on-Trent,2014,96.18,96.84,93.98
E06000021,Stoke-on-Trent,2015,96.69,96.85,93.86
E06000021,Stoke-on-Trent,2016,96.12,97.49,93.67
E06000021,Stoke-on-Trent,2017,95.22,97.98,92.95
E06000021,Stoke-on-Trent,2018,93.27,97.35,90.7
E06000021,Stoke-on-Trent,2019,91.5,96.85,88.64
E06000021,Stoke-on-Trent,2020,91.42,96.23,88.35
E06000021,Stoke-on-Trent,2021,92.3,95.7,88.39
E06000021,Stoke-on-Trent,2022,92.36,94.82,87.56
E06000021,Stoke-on-Trent,2023,91.46,93.43,85.39
E06000021,Stoke-on-Trent,2024,89.75,92.37,84.29
E06000021,Stoke-on-Trent,2025,90.7,93.3,85.1
E10000029,Suffolk,2014,94.54,94.39,90.82
E10000029,Suffolk,2015,94.29,95.54,92.58
E10000029,Suffolk,2016,94.23,96.18,91.33
E10000029,Suffolk,2017,94.57,94.95,90.34
E10000029,Suffolk,2018,92.93,96.16,90.04
E10000029,Suffolk,2019,93.11,94.6,88.18
E10000029,Suffolk,2020,93.74,96.17,91.3
E10000029,Suffolk,2021,94.54,95.32,91.66
E10000029,Suffolk,2022,93.64,94.66,90.79
E10000029,Suffolk,2023,93.16,93.82,89.07
E10000029,Suffolk,2024,93.45,94.59,90.24
E10000029,Suffolk,2025,93.6,95.6,91.4
E08000024,Sunderland,2014,96.56,97.3,93.78
E08000024,Sunderland,2015,96.33,97.55,94.35
E08000024,Sunderland,2016,96.63,98.03,94.39
E08000024,Sunderland,2017,96.63,97.41,93.87
E08000024,Sunderland,2018,92.73,97.51,91.84
E08000024,Sunderland,2019,95.33,96.54,92.87
E08000024,Sunderland,2020,97.6,97.71,94.45
E08000024,Sunderland,2021,97.88,98.11,95.42
E08000024,Sunderland,2022,97.37,96.83,94.8
E08000024,Sunderland,2023,96.3,95.52,92.43
E08000024,Sunderland,2024,94.72,95.28,90.91
E08000024,Sunderland,2025,96.2,96.2,92.7
E10000030,Surrey,2014,82.22,84.53,73.55
E10000030,Surrey,2015,82.5,85.6,74.15
E10000030,Surrey,2016,89.85,83.66,74.79
E10000030,Surrey,2017,86.29,84.52,77.64
E10000030,Surrey,2018,88.65,86.5,81.71
E10000030,Surrey,2019,87.39,88.62,78.95
E10000030,Surrey,2020,91.95,94.83,83.33
E10000030,Surrey,2021,89.15,94.65,84.31
E10000030,Surrey,2022,89.37,93.9,83.93
E10000030,Surrey,2023,94.86,92.97,83.46
E10000030,Surrey,2024,89.94,92.3,83.69
E10000030,Surrey,2025,91.7,93.3,87.0
E09000029,Sutton,2014,87.9,86.22,80.02
E09000029,Sutton,2015,88.81,86.51,80.44
E09000029,Sutton,2016,88.18,87.62,80.03
E09000029,Sutton,2017,88.09,89.26,80.37
E09000029,Sutton,2018,88.97,94.57,82.08
E09000029,Sutton,2019,89.52,94.41,82.37
E09000029,Sutton,2020,89.75,93.6,83.12
E09000029,Sutton,2021,90.29,93.25,82.42
E09000029,Sutton,2022,87.81,92.15,80.9
E09000029,Sutton,2023,87.74,90.61,77.65
E09000029,Sutton,2024,88.81,91.98,80.71
E09000029,Sutton,2025,87.7,91.0,79.8
E06000030,Swindon,2014,95.66,96.73,92.76
E06000030,Swindon,2015,94.85,97.35,93.19
E06000030,Swindon,2016,94.74,97.02,93.28
E06000030,Swindon,2017,93.95,96.87,91.9
E06000030,Swindon,2018,94.43,96.04,90.32
E06000030,Swindon,2019,92.48,96.38,90.13
E06000030,Swindon,2020,92.04,96.01,89.52
E06000030,Swindon,2021,92.71,95.26,89.18
E06000030,Swindon,2022,91.92,94.5,87.92
E06000030,Swindon,2023,92.24,93.47,86.85
E06000030,Swindon,2024,93.15,92.97,87.36
E06000030,Swindon,2025,91.8,93.4,87.1
E08000008,Tameside,2014,93.91,96.66,90.27
E08000008,Tameside,2015,93.58,96.54,90.58
E08000008,Tameside,2016,92.61,96.36,87.86
E08000008,Tameside,2017,97.14,98.73,95.84
E08000008,Tameside,2018,92.95,97.14,90.24
E08000008,Tameside,2019,89.63,96.46,87.81
E08000008,Tameside,2020,91.43,96.12,86.8
E08000008,Tameside,2021,93.52,95.4,89.89
E08000008,Tameside,2022,91.62,96.34,90.67
E08000008,Tameside,2023,88.39,95.4,86.52
E08000008,Tameside,2024,86.72,94.37,83.59
E08000008,Tameside,2025,88.2,93.4,84.1
E06000020,Telford and Wrekin,2014,97.61,97.95,95.91
E06000020,Telford and Wrekin,2015,95.5,97.23,94.03
E06000020,Telford and Wrekin,2016,95.08,96.12,91.64
E06000020,Telford and Wrekin,2017,95.08,97.67,92.48
E06000020,Telford and Wrekin,2018,92.9,94.95,88.31
E06000020,Telford and Wrekin,2019,91.97,95.91,87.45
E06000020,Telford and Wrekin,2020,92.06,95.38,87.51
E06000020,Telford and Wrekin,2021,91.0,95.86,87.98
E06000020,Telford and Wrekin,2022,91.86,94.31,86.94
E06000020,Telford and Wrekin,2023,92.18,94.63,87.01
E06000020,Telford and Wrekin,2024,90.51,93.17,85.48
E06000020,Telford and Wrekin,2025,91.2,94.2,87.9
E06000034,Thurrock,2014,93.44,95.34,91.04
E06000034,Thurrock,2015,92.52,94.29,90.04
E06000034,Thurrock,2016,92.91,95.84,91.18
E06000034,Thurrock,2017,92.29,95.52,88.69
E06000034,Thurrock,2018,86.47,95.23,86.82
E06000034,Thurrock,2019,88.21,94.15,83.08
E06000034,Thurrock,2020,88.64,94.09,86.66
E06000034,Thurrock,2021,90.12,93.7,85.47
E06000034,Thurrock,2022,87.57,93.04,86.16
E06000034,Thurrock,2023,86.65,90.84,82.77
E06000034,Thurrock,2024,86.93,92.25,82.51
E06000034,Thurrock,2025,84.7,92.1,82.9
E06000027,Torbay,2014,95.85,95.14,88.93
E06000027,Torbay,2015,94.55,94.07,89.9
E06000027,Torbay,2016,95.19,96.75,92.09
E06000027,Torbay,2017,95.22,97.77,92.15
E06000027,Torbay,2018,95.44,97.19,93.87
E06000027,Torbay,2019,93.25,97.01,93.26
E06000027,Torbay,2020,93.54,97.13,93.4
E06000027,Torbay,2021,93.6,96.75,91.56
E06000027,Torbay,2022,94.63,96.63,91.08
E06000027,Torbay,2023,91.41,94.31,89.34
E06000027,Torbay,2024,91.17,94.26,89.21
E06000027,Torbay,2025,91.2,95.5,89.5
E09000030,Tower Hamlets,2014,93.79,96.01,93.0
E09000030,Tower Hamlets,2015,85.24,85.42,81.99
E09000030,Tower Hamlets,2016,90.14,92.18,89.16
E09000030,Tower Hamlets,2017,92.16,94.57,86.79
E09000030,Tower Hamlets,2018,87.7,90.22,82.31
E09000030,Tower Hamlets,2019,86.46,91.73,82.02
E09000030,Tower Hamlets,2020,86.29,90.64,80.82
E09000030,Tower Hamlets,2021,84.77,88.75,77.31
E09000030,Tower Hamlets,2022,81.81,87.3,73.45
E09000030,Tower Hamlets,2023,81.9,87.25,73.81
E09000030,Tower Hamlets,2024,82.76,86.14,73.88
E09000030,Tower Hamlets,2025,81.6,85.4,73.6
E08000009,Trafford,2014,96.78,92.4,92.4
E08000009,Trafford,2015,96.53,97.03,95.27
E08000009,Trafford,2016,97.68,96.84,95.04
E08000009,Trafford,2017,96.08,96.78,95.43
E08000009,Trafford,2018,96.51,96.5,93.11
E08000009,Trafford,2019,95.77,97.26,94.29
E08000009,Trafford,2020,95.67,95.7,91.96
E08000009,Trafford,2021,94.12,96.85,93.12
E08000009,Trafford,2022,93.1,95.24,89.86
E08000009,Trafford,2023,92.91,95.29,88.96
E08000009,Trafford,2024,92.96,94.93,89.79
E08000009,Trafford,2025,90.6,95.6,90.4
E08000036,Wakefield,2014,95.39,96.36,92.0
E08000036,Wakefield,2015,94.07,96.8,92.46
E08000036,Wakefield,2016,94.98,97.06,91.77
E08000036,Wakefield,2017,95.43,96.81,92.91
E08000036,Wakefield,2018,94.73,97.33,92.61
E08000036,Wakefield,2019,94.93,96.72,92.2
E08000036,Wakefield,2020,94.04,97.11,92.71
E08000036,Wakefield,2021,94.6,96.4,92.47
E08000036,Wakefield,2022,93.9,95.73,91.51
E08000036,Wakefield,2023,93.07,95.63,89.24
E08000036,Wakefield,2024,93.54,94.94,88.85
E08000036,Wakefield,2025,94.0,94.3,88.7
E08000030,Walsall,2014,97.05,97.86,96.06
E08000030,Walsall,2015,97.44,97.7,95.85
E08000030,Walsall,2016,97.66,98.31,92.74
E08000030,Walsall,2017,94.12,96.59,88.18
E08000030,Walsall,2018,93.19,96.61,89.51
E08000030,Walsall,2019,93.29,96.79,89.89
E08000030,Walsall,2020,91.26,95.86,88.01
E08000030,Walsall,2021,89.96,95.56,87.14
E08000030,Walsall,2022,89.71,94.21,85.17
E08000030,Walsall,2023,87.9,93.08,83.07
E08000030,Walsall,2024,88.19,91.96,83.2
E08000030,Walsall,2025,90.3,92.0,83.7
E09000031,Waltham Forest,2014,84.84,89.75,77.59
E09000031,Waltham Forest,2015,85.69,90.45,79.52
E09000031,Waltham Forest,2016,84.4,94.23,83.42
E09000031,Waltham Forest,2017,84.55,93.57,74.54
E09000031,Waltham Forest,2018,82.36,93.16,72.83
E09000031,Waltham Forest,2019,82.27,90.64,72.68
E09000031,Waltham Forest,2020,83.25,89.93,75.37
E09000031,Waltham Forest,2021,81.8,88.51,72.28
E09000031,Waltham Forest,2022,79.48,86.78,69.86
E09000031,Waltham Forest,2023,82.19,84.84,70.75
E09000031,Waltham Forest,2024,81.85,84.24,72.0
E09000031,Waltham Forest,2025,83.3,84.7,72.3
E09000032,Wandsworth,2014,88.63,86.55,79.63
E09000032,Wandsworth,2015,87.09,87.97,82.82
E09000032,Wandsworth,2016,86.32,87.79,82.29
E09000032,Wandsworth,2017,84.38,88.41,83.13
E09000032,Wandsworth,2018,92.53,91.1,80.49
E09000032,Wandsworth,2019,85.26,90.72,79.42
E09000032,Wandsworth,2020,84.92,89.35,78.98
E09000032,Wandsworth,2021,85.24,88.4,78.07
E09000032,Wandsworth,2022,83.2,87.46,77.68
E09000032,Wandsworth,2023,83.74,84.88,75.15
E09000032,Wandsworth,2024,84.57,85.93,74.56
E09000032,Wandsworth,2025,84.4,85.1,73.8
E06000007,Warrington,2014,94.74,96.02,90.79
E06000007,Warrington,2015,94.35,95.76,90.56
E06000007,Warrington,2016,94.67,96.25,90.11
E06000007,Warrington,2017,94.47,96.53,90.23
E06000007,Warrington,2018,94.59,95.69,89.15
E06000007,Warrington,2019,94.22,96.43,90.38
E06000007,Warrington,2020,93.72,96.13,89.68
E06000007,Warrington,2021,93.94,95.43,90.0
E06000007,Warrington,2022,94.53,95.28,89.82
E06000007,Warrington,2023,93.62,94.3,89.2
E06000007,Warrington,2024,93.32,95.29,90.41
E06000007,Warrington,2025,93.4,95.3,91.0
E10000031,Warwickshire,2014,96.87,97.72,95.93
E10000031,Warwickshire,2015,97.46,96.9,95.34
E10000031,Warwickshire,2016,97.7,98.22,94.22
E10000031,Warwickshire,2017,97.21,98.75,95.92
E10000031,Warwickshire,2018,91.67,96.73,90.86
E10000031,Warwickshire,2019,92.52,96.3,88.06
E10000031,Warwickshire,2020,93.25,96.25,87.78
E10000031,Warwickshire,2021,93.88,96.06,89.56
E10000031,Warwickshire,2022,92.94,95.97,90.54
E10000031,Warwickshire,2023,92.83,95.04,88.49
E10000031,Warwickshire,2024,93.06,94.77,88.16
E10000031,Warwickshire,2025,92.7,94.6,88.0
E06000037,West Berkshire,2014,93.61,94.23,89.66
E06000037,West Berkshire,2015,92.92,96.05,90.58
E06000037,West Berkshire,2016,92.89,96.26,91.4
E06000037,West Berkshire,2017,93.92,96.19,93.57
E06000037,West Berkshire,2018,94.11,96.67,87.88
E06000037,West Berkshire,2019,93.78,96.85,90.89
E06000037,West Berkshire,2020,94.89,97.16,93.31
E06000037,West Berkshire,2021,95.02,96.92,94.08
E06000037,West Berkshire,2022,95.23,97.46,93.36
E06000037,West Berkshire,2023,93.91,96.52,92.98
E06000037,West Berkshire,2024,95.26,96.55,91.9
E06000037,West Berkshire,2025,95.3,96.6,93.2
E06000062,West Northamptonshire,2022,90.82,93.47,87.0
E06000062,West Northamptonshire,2023,88.57,92.76,85.04
E06000062,West Northamptonshire,2024,86.61,90.83,82.09
E06000062,West Northamptonshire,2025,86.7,91.0,82.5
E10000032,West Sussex,2014,93.94,93.02,86.7
E10000032,West Sussex,2015,92.98,93.85,91.29
E10000032,West Sussex,2016,89.88,96.21,88.81
E10000032,West Sussex,2017,92.51,95.47,84.98
E10000032,West Sussex,2018,94.66,95.83,90.3
E10000032,West Sussex,2019,93.9,95.39,90.54
E10000032,West Sussex,2020,94.5,95.66,91.62
E10000032,West Sussex,2021,94.52,96.15,92.95
E10000032,West Sussex,2022,93.24,95.3,91.37
E10000032,West Sussex,2023,91.47,94.67,89.53
E10000032,West Sussex,2024,92.16,94.42,87.46
E10000032,West Sussex,2025,92.1,93.8,87.8
E09000033,Westminster,2014,79.55,74.85,64.19
E09000033,Westminster,2015,73.85,75.63,63.98
E09000033,Westminster,2016,69.29,71.09,56.54
E09000033,Westminster,2017,69.83,77.53,57.08
E09000033,Westminster,2018,77.52,84.49,67.16
E09000033,Westminster,2019,75.66,83.57,64.06
E09000033,Westminster,2020,80.16,84.42,63.25
E09000033,Westminster,2021,78.15,82.69,64.11
E09000033,Westminster,2022,78.23,86.97,68.49
E09000033,Westminster,2023,83.96,87.15,74.01
E09000033,Westminster,2024,78.9,80.65,64.29
E09000033,Westminster,2025,74.1,82.6,59.9
E06000064,Westmorland and Furness,2014,96.73,96.72,93.71
E06000064,Westmorland and Furness,2015,96.01,96.19,93.31
E06000064,Westmorland and Furness,2016,95.95,96.74,92.89
E06000064,Westmorland and Furness,2017,96.73,97.62,93.55
E06000064,Westmorland and Furness,2018,96.74,97.44,94.97
E06000064,Westmorland and Furness,2019,96.78,98.22,95.7
E06000064,Westmorland and Furness,2020,96.54,97.59,94.47
E06000064,Westmorland and Furness,2021,96.69,97.79,95.28
E06000064,Westmorland and Furness,2022,96.09,97.03,94.05
E06000064,Westmorland and Furness,2023,96.07,96.52,93.47
E06000064,Westmorland and Furness,2024,95.79,97.16,94.77
E06000064,Westmorland and Furness,2025,95.9,97.2,94.3
E08000010,Wigan,2014,95.34,95.41,90.96
E08000010,Wigan,2015,94.39,96.74,92.42
E08000010,Wigan,2016,95.0,96.86,91.93
E08000010,Wigan,2017,94.51,97.0,91.23
E08000010,Wigan,2018,94.73,97.13,92.5
E08000010,Wigan,2019,95.26,96.52,90.92
E08000010,Wigan,2020,93.62,96.26,91.16
E08000010,Wigan,2021,93.84,96.54,91.29
E08000010,Wigan,2022,92.85,96.12,90.09
E08000010,Wigan,2023,92.48,95.34,88.35
E08000010,Wigan,2024,92.91,94.23,88.19
E08000010,Wigan,2025,93.4,94.7,89.9
E06000054,Wiltshire,2014,95.26,95.24,91.71
E06000054,Wiltshire,2015,94.38,95.6,91.2
E06000054,Wiltshire,2016,94.23,96.3,90.69
E06000054,Wiltshire,2017,93.3,94.74,89.02
E06000054,Wiltshire,2018,94.0,95.14,89.11
E06000054,Wiltshire,2019,95.07,96.26,91.52
E06000054,Wiltshire,2020,95.36,96.31,91.85
E06000054,Wiltshire,2021,95.69,97.03,93.12
E06000054,Wiltshire,2022,95.36,97.08,91.32
E06000054,Wiltshire,2023,95.17,96.14,92.43
E06000054,Wiltshire,2024,94.47,96.29,92.04
E06000054,Wiltshire,2025,94.2,96.0,91.8
E06000040,Windsor and Maidenhead,2014,90.96,91.98,82.24
E06000040,Windsor and Maidenhead,2015,91.57,93.88,86.62
E06000040,Windsor and Maidenhead,2016,91.51,94.2,87.56
E06000040,Windsor and Maidenhead,2017,88.51,92.61,82.78
E06000040,Windsor and Maidenhead,2018,91.1,95.16,82.97
E06000040,Windsor and Maidenhead,2019,91.53,95.44,86.41
E06000040,Windsor and Maidenhead,2020,94.06,94.82,86.63
E06000040,Windsor and Maidenhead,2021,92.87,95.53,90.35
E06000040,Windsor and Maidenhead,2022,92.95,95.31,90.68
E06000040,Windsor and Maidenhead,2023,92.06,95.04,88.82
E06000040,Windsor and Maidenhead,2024,93.52,94.65,88.97
E06000040,Windsor and Maidenhead,2025,92.6,95.7,91.2
E08000015,Wirral,2014,95.11,97.21,92.17
E08000015,Wirral,2015,96.6,97.27,92.35
E08000015,Wirral,2016,95.14,97.35,93.12
E08000015,Wirral,2017,95.2,97.49,93.85
E08000015,Wirral,2018,94.7,98.09,93.78
E08000015,Wirral,2019,94.49,97.91,92.79
E08000015,Wirral,2020,93.61,97.59,94.21
E08000015,Wirral,2021,92.88,97.4,92.25
E08000015,Wirral,2022,92.38,96.14,90.46
E08000015,Wirral,2023,91.73,94.55,88.67
E08000015,Wirral,2024,91.86,95.25,88.62
E08000015,Wirral,2025,90.8,94.9,89.0
E06000041,Wokingham,2014,93.61,94.23,89.66
E06000041,Wokingham,2015,92.09,94.62,89.96
E06000041,Wokingham,2016,92.05,96.05,90.95
E06000041,Wokingham,2017,92.61,94.21,88.21
E06000041,Wokingham,2018,94.43,96.44,89.28
E06000041,Wokingham,2019,94.53,95.64,90.04
E06000041,Wokingham,2020,95.26,97.54,93.23
E06000041,Wokingham,2021,94.88,96.75,92.3
E06000041,Wokingham,2022,94.53,96.26,92.62
E06000041,Wokingham,2023,94.41,95.37,91.09
E06000041,Wokingham,2024,92.79,95.21,91.1
E06000041,Wokingham,2025,94.3,95.5,91.2
E08000031,Wolverhampton,2014,92.03,92.44,84.2
E08000031,Wolverhampton,2015,90.4,94.18,86.61
E08000031,Wolverhampton,2016,91.45,94.22,87.14
E08000031,Wolverhampton,2017,93.37,95.0,86.96
E08000031,Wolverhampton,2018,91.62,94.4,87.16
E08000031,Wolverhampton,2019,89.76,94.44,85.37
E08000031,Wolverhampton,2020,87.31,92.77,83.34
E08000031,Wolverhampton,2021,87.26,92.13,82.14
E08000031,Wolverhampton,2022,84.98,90.98,79.02
E08000031,Wolverhampton,2023,83.8,90.09,79.07
E08000031,Wolverhampton,2024,85.2,89.21,77.6
E08000031,Wolverhampton,2025,87.4,89.7,80.1
E10000034,Worcestershire,2014,95.1,95.57,91.62
E10000034,Worcestershire,2015,95.27,96.52,91.92
E10000034,Worcestershire,2016,95.19,97.59,93.23
E10000034,Worcestershire,2017,94.51,97.45,92.4
E10000034,Worcestershire,2018,92.38,97.32,92.21
E10000034,Worcestershire,2019,91.92,96.62,87.76
E10000034,Worcestershire,2020,92.89,97.14,88.83
E10000034,Worcestershire,2021,94.19,96.27,90.63
E10000034,Worcestershire,2022,94.05,95.85,91.51
E10000034,Worcestershire,2023,93.8,95.55,90.58
E10000034,Worcestershire,2024,93.96,96.02,90.61
E10000034,Worcestershire,2025,94.3,95.5,90.4
E06000014,York,2014,94.49,94.97,90.12
E06000014,York,2015,93.85,95.69,91.12
E06000014,York,2016,93.35,95.1,81.74
E06000014,York,2017,94.17,96.39,88.41
E06000014,York,2018,92.29,95.93,89.31
E06000014,York,2019,93.03,95.6,88.07
E06000014,York,2020,92.42,96.02,89.49
E06000014,York,2021,93.33,95.96,89.45
E06000014,York,2022,92.69,96.41,89.13
E06000014,York,2023,86.24,94.72,86.45
E06000014,York,2024,91.4,94.47,86.5
E06000014,York,2025,93.8,94.5,87.7
